"data_coleta";"uf";"taxa_ocup";"alerta"
"2020-07-17";"Rondônia";"74,2";"Médio"
"2020-07-27";"Rondônia";"79,2";"Médio"
"2020-08-10";"Rondônia";"62,6";"Médio"
"2020-08-24";"Rondônia";"71,0";"Médio"
"2020-09-07";"Rondônia";"66,8";"Médio"
"2020-09-21";"Rondônia";"55,6";"Baixo"
"2020-10-05";"Rondônia";"42,0";"Baixo"
"2020-10-26";"Rondônia";"29,7";"Baixo"
"2020-11-09";"Rondônia";"27,8";"Baixo"
"2020-11-23";"Rondônia";"46,4";"Baixo"
"2020-12-07";"Rondônia";"61,9";"Médio"
"2020-12-21";"Rondônia";"59,4";"Baixo"
"2021-01-04";"Rondônia";"72,3";"Médio"
"2021-01-18";"Rondônia";"91,6";"Crítico"
"2021-02-01";"Rondônia";"94,2";"Crítico"
"2021-02-22";"Rondônia";"97,1";"Crítico"
"2021-03-01";"Rondônia";"97,0";"Crítico"
"2021-03-08";"Rondônia";"97,6";"Crítico"
"2021-03-15";"Rondônia";"98,0";"Crítico"
"2021-03-22";"Rondônia";"100,0";"Crítico"
"2021-03-29";"Rondônia";"98,0";"Crítico"
"2021-04-05";"Rondônia";"96,0";"Crítico"
"2021-04-12";"Rondônia";"96,0";"Crítico"
"2021-04-19";"Rondônia";"94,0";"Crítico"
"2021-04-26";"Rondônia";"85,0";"Crítico"
"2021-05-03";"Rondônia";"89,0";"Crítico"
"2021-05-10";"Rondônia";"88,0";"Crítico"
"2021-05-17";"Rondônia";"83,0";"Crítico"
"2021-05-24";"Rondônia";"79,0";"Médio"
"2021-05-31";"Rondônia";"72,0";"Médio"
"2021-06-07";"Rondônia";"62,0";"Médio"
"2021-06-14";"Rondônia";"57,0";"Baixo"
"2021-06-21";"Rondônia";"56,0";"Baixo"
"2021-06-28";"Rondônia";"58,0";"Baixo"
"2021-07-05";"Rondônia";"59,0";"Baixo"
"2021-07-12";"Rondônia";"60,0";"Médio"
"2021-07-19";"Rondônia";"62,0";"Médio"
"2021-07-26";"Rondônia";"52,0";"Baixo"
"2021-08-02";"Rondônia";"51,0";"Baixo"
"2021-08-09";"Rondônia";"64,0";"Médio"
"2021-08-16";"Rondônia";"50,0";"Baixo"
"2021-08-23";"Rondônia";"38,0";"Baixo"
"2021-08-30";"Rondônia";"43,0";"Baixo"
"2021-09-06";"Rondônia";"47,0";"Baixo"
"2021-09-13";"Rondônia";"38,0";"Baixo"
"2021-09-20";"Rondônia";"36,0";"Baixo"
"2021-09-27";"Rondônia";"34,0";"Baixo"
"2021-10-04";"Rondônia";"34,0";"Baixo"
"2021-10-11";"Rondônia";"36,0";"Baixo"
"2021-10-18";"Rondônia";"44,0";"Baixo"
"2021-10-25";"Rondônia";"36,0";"Baixo"
"2021-11-01";"Rondônia";"48,0";"Baixo"
"2021-11-08";"Rondônia";"55,0";"Baixo"
"2021-11-15";"Rondônia";"63,0";"Médio"
"2021-11-22";"Rondônia";"71,0";"Médio"
"2021-11-29";"Rondônia";"73,0";"Médio"
"2021-12-06";"Rondônia";"73,0";"Médio"
"2021-12-20";"Rondônia";"50,0";"Baixo"
"2022-01-05";"Rondônia";"50,0";"Baixo"
"2022-01-10";"Rondônia";"53,0";"Baixo"
"2022-01-17";"Rondônia";"54,0";"Baixo"
"2022-01-24";"Rondônia";"65,0";"Médio"
"2022-01-31";"Rondônia";"58,0";"Baixo"
"2022-02-07";"Rondônia";"69,0";"Médio"
"2022-02-14";"Rondônia";"74,0";"Médio"
"2022-02-22";"Rondônia";"59,0";"Baixo"
"2022-02-22";"Rondônia";"59,0";"Baixo"
"2022-03-07";"Rondônia";"45,0";"Baixo"
"2022-03-21";"Rondônia";"32,0";"Baixo"
"2022-04-04";"Rondônia";"23,0";"Baixo"
"2022-04-25";"Rondônia";;
"2020-07-17";"Acre";"28,0";"Baixo"
"2020-07-27";"Acre";"56,7";"Baixo"
"2020-08-10";"Acre";"74,5";"Médio"
"2020-08-24";"Acre";"56,7";"Baixo"
"2020-09-07";"Acre";"46,7";"Baixo"
"2020-09-21";"Acre";"27,8";"Baixo"
"2020-10-05";"Acre";"31,1";"Baixo"
"2020-10-26";"Acre";"30,0";"Baixo"
"2020-11-09";"Acre";"27,8";"Baixo"
"2020-11-23";"Acre";"28,9";"Baixo"
"2020-12-07";"Acre";"62,5";"Médio"
"2020-12-21";"Acre";"63,1";"Médio"
"2021-01-04";"Acre";"64,6";"Médio"
"2021-01-18";"Acre";"76,9";"Médio"
"2021-02-01";"Acre";"80,0";"Crítico"
"2021-02-22";"Acre";"88,7";"Crítico"
"2021-03-01";"Acre";"92,0";"Crítico"
"2021-03-08";"Acre";"96,2";"Crítico"
"2021-03-15";"Acre";"94,0";"Crítico"
"2021-03-22";"Acre";"90,0";"Crítico"
"2021-03-29";"Acre";"97,0";"Crítico"
"2021-04-05";"Acre";"95,0";"Crítico"
"2021-04-12";"Acre";"92,0";"Crítico"
"2021-04-19";"Acre";"94,0";"Crítico"
"2021-04-26";"Acre";"83,0";"Crítico"
"2021-05-03";"Acre";"77,0";"Médio"
"2021-05-10";"Acre";"57,0";"Baixo"
"2021-05-17";"Acre";"50,0";"Baixo"
"2021-05-24";"Acre";"47,0";"Baixo"
"2021-05-31";"Acre";"43,0";"Baixo"
"2021-06-07";"Acre";"41,0";"Baixo"
"2021-06-14";"Acre";"40,0";"Baixo"
"2021-06-21";"Acre";"38,0";"Baixo"
"2021-06-28";"Acre";"37,0";"Baixo"
"2021-07-05";"Acre";"26,0";"Baixo"
"2021-07-12";"Acre";"24,0";"Baixo"
"2021-07-19";"Acre";"17,0";"Baixo"
"2021-07-26";"Acre";"17,0";"Baixo"
"2021-08-02";"Acre";"21,0";"Baixo"
"2021-08-09";"Acre";"13,0";"Baixo"
"2021-08-16";"Acre";"7,0";"Baixo"
"2021-08-23";"Acre";"9,0";"Baixo"
"2021-08-30";"Acre";"9,0";"Baixo"
"2021-09-06";"Acre";"7,0";"Baixo"
"2021-09-13";"Acre";"9,0";"Baixo"
"2021-09-20";"Acre";"6,0";"Baixo"
"2021-09-27";"Acre";"4,0";"Baixo"
"2021-10-04";"Acre";"4,0";"Baixo"
"2021-10-11";"Acre";"6,0";"Baixo"
"2021-10-18";"Acre";"7,0";"Baixo"
"2021-10-25";"Acre";"3,0";"Baixo"
"2021-11-01";"Acre";"1,0";"Baixo"
"2021-11-08";"Acre";"3,0";"Baixo"
"2021-11-15";"Acre";"4,0";"Baixo"
"2021-11-22";"Acre";"10,0";"Baixo"
"2021-11-29";"Acre";"10,0";"Baixo"
"2021-12-06";"Acre";"15,0";"Baixo"
"2021-12-20";"Acre";"10,0";"Baixo"
"2022-01-05";"Acre";"10,0";"Baixo"
"2022-01-10";"Acre";"15,0";"Baixo"
"2022-01-17";"Acre";"25,0";"Baixo"
"2022-01-24";"Acre";"45,0";"Baixo"
"2022-01-31";"Acre";"57,0";"Baixo"
"2022-02-07";"Acre";"67,0";"Médio"
"2022-02-14";"Acre";"63,0";"Médio"
"2022-02-22";"Acre";"60,0";"Médio"
"2022-03-07";"Acre";"40,0";"Baixo"
"2022-03-21";"Acre";"10,0";"Baixo"
"2022-04-04";"Acre";"13,0";"Baixo"
"2022-04-25";"Acre";"10,0";"Baixo"
"2020-07-17";"Amazonas";"46,0";"Baixo"
"2020-07-27";"Amazonas";"34,8";"Baixo"
"2020-08-10";"Amazonas";"26,1";"Baixo"
"2020-08-24";"Amazonas";"25,1";"Baixo"
"2020-09-07";"Amazonas";"47,9";"Baixo"
"2020-09-21";"Amazonas";"55,4";"Baixo"
"2020-10-05";"Amazonas";"68,3";"Médio"
"2020-10-26";"Amazonas";"67,7";"Médio"
"2020-11-09";"Amazonas";"88,5";"Crítico"
"2020-11-23";"Amazonas";"86,0";"Crítico"
"2020-12-07";"Amazonas";"76,7";"Médio"
"2020-12-21";"Amazonas";"82,3";"Crítico"
"2021-01-04";"Amazonas";"89,2";"Crítico"
"2021-01-18";"Amazonas";"94,1";"Crítico"
"2021-02-01";"Amazonas";"90,1";"Crítico"
"2021-02-22";"Amazonas";"94,6";"Crítico"
"2021-03-01";"Amazonas";"92,0";"Crítico"
"2021-03-08";"Amazonas";"87,4";"Crítico"
"2021-03-15";"Amazonas";"80,0";"Crítico"
"2021-03-22";"Amazonas";"79,0";"Médio"
"2021-03-29";"Amazonas";"76,0";"Médio"
"2021-04-05";"Amazonas";"75,0";"Médio"
"2021-04-12";"Amazonas";"73,0";"Médio"
"2021-04-19";"Amazonas";"69,0";"Médio"
"2021-04-26";"Amazonas";"65,0";"Médio"
"2021-05-03";"Amazonas";"63,0";"Médio"
"2021-05-10";"Amazonas";"55,0";"Baixo"
"2021-05-17";"Amazonas";"50,0";"Baixo"
"2021-05-24";"Amazonas";"57,0";"Baixo"
"2021-05-31";"Amazonas";"62,0";"Médio"
"2021-06-07";"Amazonas";"61,0";"Médio"
"2021-06-14";"Amazonas";"62,0";"Médio"
"2021-06-21";"Amazonas";"54,0";"Baixo"
"2021-06-28";"Amazonas";"63,0";"Médio"
"2021-07-05";"Amazonas";"62,0";"Médio"
"2021-07-12";"Amazonas";"70,0";"Médio"
"2021-07-19";"Amazonas";"66,0";"Médio"
"2021-07-26";"Amazonas";"59,0";"Baixo"
"2021-08-02";"Amazonas";"59,0";"Baixo"
"2021-08-09";"Amazonas";"54,0";"Baixo"
"2021-08-16";"Amazonas";"50,0";"Baixo"
"2021-08-23";"Amazonas";"44,0";"Baixo"
"2021-08-30";"Amazonas";"41,0";"Baixo"
"2021-09-06";"Amazonas";"34,0";"Baixo"
"2021-09-13";"Amazonas";"29,0";"Baixo"
"2021-09-20";"Amazonas";"50,0";"Baixo"
"2021-09-27";"Amazonas";"44,0";"Baixo"
"2021-10-04";"Amazonas";"27,0";"Baixo"
"2021-10-11";"Amazonas";"24,0";"Baixo"
"2021-10-18";"Amazonas";"22,0";"Baixo"
"2021-10-25";"Amazonas";"16,0";"Baixo"
"2021-11-01";"Amazonas";"24,0";"Baixo"
"2021-11-08";"Amazonas";"28,0";"Baixo"
"2021-11-15";"Amazonas";"27,0";"Baixo"
"2021-11-22";"Amazonas";"21,0";"Baixo"
"2021-11-29";"Amazonas";"22,0";"Baixo"
"2021-12-06";"Amazonas";"28,0";"Baixo"
"2021-12-20";"Amazonas";"36,0";"Baixo"
"2022-01-05";"Amazonas";"34,0";"Baixo"
"2022-01-10";"Amazonas";"45,0";"Baixo"
"2022-01-17";"Amazonas";"77,0";"Médio"
"2022-01-24";"Amazonas";"75,0";"Médio"
"2022-01-31";"Amazonas";"80,0";"Crítico"
"2022-02-07";"Amazonas";"58,0";"Baixo"
"2022-02-14";"Amazonas";"54,0";"Baixo"
"2022-02-22";"Amazonas";"32,0";"Baixo"
"2022-03-07";"Amazonas";"13,0";"Baixo"
"2022-03-21";"Amazonas";"6,0";"Baixo"
"2022-04-04";"Amazonas";"17,0";"Baixo"
"2022-04-25";"Amazonas";"16,0";"Baixo"
"2020-07-17";"Roraima";"72,0";"Médio"
"2020-07-27";"Roraima";"70,8";"Médio"
"2020-08-10";"Roraima";"54,8";"Baixo"
"2020-08-24";"Roraima";"70,8";"Médio"
"2020-09-07";"Roraima";"50,0";"Baixo"
"2020-09-21";"Roraima";"50,0";"Baixo"
"2020-10-05";"Roraima";"42,0";"Baixo"
"2020-10-26";"Roraima";"51,7";"Baixo"
"2020-11-09";"Roraima";"48,3";"Baixo"
"2020-11-23";"Roraima";"36,7";"Baixo"
"2020-12-07";"Roraima";"39,0";"Baixo"
"2020-12-21";"Roraima";"83,3";"Crítico"
"2021-01-04";"Roraima";"71,4";"Médio"
"2021-01-18";"Roraima";"95,6";"Crítico"
"2021-02-01";"Roraima";"79,0";"Médio"
"2021-02-22";"Roraima";"82,2";"Crítico"
"2021-03-01";"Roraima";"82,0";"Crítico"
"2021-03-08";"Roraima";"80,0";"Crítico"
"2021-03-15";"Roraima";"73,0";"Médio"
"2021-03-22";"Roraima";"64,0";"Médio"
"2021-03-29";"Roraima";"62,0";"Médio"
"2021-04-05";"Roraima";"49,0";"Baixo"
"2021-04-12";"Roraima";"44,0";"Baixo"
"2021-04-19";"Roraima";"38,0";"Baixo"
"2021-04-26";"Roraima";"43,0";"Baixo"
"2021-05-03";"Roraima";"44,0";"Baixo"
"2021-05-10";"Roraima";"37,0";"Baixo"
"2021-05-17";"Roraima";"36,0";"Baixo"
"2021-05-24";"Roraima";"83,0";"Crítico"
"2021-05-31";"Roraima";"75,0";"Médio"
"2021-06-07";"Roraima";"87,0";"Crítico"
"2021-06-14";"Roraima";"85,0";"Crítico"
"2021-06-21";"Roraima";"91,0";"Crítico"
"2021-06-28";"Roraima";"87,0";"Crítico"
"2021-07-05";"Roraima";"97,0";"Crítico"
"2021-07-12";"Roraima";"74,0";"Médio"
"2021-07-19";"Roraima";"65,0";"Médio"
"2021-07-26";"Roraima";"68,0";"Médio"
"2021-08-02";"Roraima";"58,0";"Baixo"
"2021-08-09";"Roraima";"70,0";"Médio"
"2021-08-16";"Roraima";"74,0";"Médio"
"2021-08-23";"Roraima";"84,0";"Crítico"
"2021-08-30";"Roraima";"82,0";"Crítico"
"2021-09-06";"Roraima";"82,0";"Crítico"
"2021-09-13";"Roraima";"76,0";"Médio"
"2021-09-20";"Roraima";"58,0";"Baixo"
"2021-09-27";"Roraima";"47,0";"Baixo"
"2021-10-04";"Roraima";"45,0";"Baixo"
"2021-10-11";"Roraima";"27,0";"Baixo"
"2021-10-18";"Roraima";"29,0";"Baixo"
"2021-10-25";"Roraima";"22,0";"Baixo"
"2021-11-01";"Roraima";"16,0";"Baixo"
"2021-11-08";"Roraima";"31,0";"Baixo"
"2021-11-15";"Roraima";"29,0";"Baixo"
"2021-11-22";"Roraima";"31,0";"Baixo"
"2021-11-29";"Roraima";"22,0";"Baixo"
"2021-12-06";"Roraima";"31,0";"Baixo"
"2021-12-20";"Roraima";"22,0";"Baixo"
"2022-01-05";"Roraima";;
"2022-01-10";"Roraima";;
"2022-01-17";"Roraima";"60,0";"Médio"
"2022-01-24";"Roraima";"70,0";"Médio"
"2022-01-31";"Roraima";"52,0";"Baixo"
"2022-02-07";"Roraima";"56,0";"Baixo"
"2022-02-14";"Roraima";;
"2022-02-22";"Roraima";;
"2022-03-07";"Roraima";"26,0";"Baixo"
"2022-03-21";"Roraima";"19,0";"Baixo"
"2022-04-04";"Roraima";"0,0";"Baixo"
"2022-04-25";"Roraima";"0,0";"Baixo"
"2020-07-17";"Pará";"59,8";"Baixo"
"2020-07-27";"Pará";"56,3";"Baixo"
"2020-08-10";"Pará";"57,7";"Baixo"
"2020-08-24";"Pará";"52,5";"Baixo"
"2020-09-07";"Pará";"60,5";"Médio"
"2020-09-21";"Pará";"50,8";"Baixo"
"2020-10-05";"Pará";"37,7";"Baixo"
"2020-10-26";"Pará";"55,6";"Baixo"
"2020-11-09";"Pará";"51,5";"Baixo"
"2020-11-23";"Pará";"52,0";"Baixo"
"2020-12-07";"Pará";"52,7";"Baixo"
"2020-12-21";"Pará";"65,4";"Médio"
"2021-01-04";"Pará";"71,4";"Médio"
"2021-01-18";"Pará";"77,5";"Médio"
"2021-02-01";"Pará";"76,9";"Médio"
"2021-02-22";"Pará";"76,0";"Médio"
"2021-03-01";"Pará";"82,0";"Crítico"
"2021-03-08";"Pará";"74,7";"Médio"
"2021-03-15";"Pará";"81,0";"Crítico"
"2021-03-22";"Pará";"87,0";"Crítico"
"2021-03-29";"Pará";"86,0";"Crítico"
"2021-04-05";"Pará";"87,0";"Crítico"
"2021-04-12";"Pará";"82,0";"Crítico"
"2021-04-19";"Pará";"80,0";"Crítico"
"2021-04-26";"Pará";"80,0";"Crítico"
"2021-05-03";"Pará";"72,0";"Médio"
"2021-05-10";"Pará";"69,0";"Médio"
"2021-05-17";"Pará";"66,0";"Médio"
"2021-05-24";"Pará";"73,0";"Médio"
"2021-05-31";"Pará";"75,0";"Médio"
"2021-06-07";"Pará";"78,0";"Médio"
"2021-06-14";"Pará";"71,0";"Médio"
"2021-06-21";"Pará";"64,0";"Médio"
"2021-06-28";"Pará";"63,0";"Médio"
"2021-07-05";"Pará";"55,0";"Baixo"
"2021-07-12";"Pará";"61,0";"Médio"
"2021-07-19";"Pará";"60,0";"Médio"
"2021-07-26";"Pará";"61,0";"Médio"
"2021-08-02";"Pará";"54,0";"Baixo"
"2021-08-09";"Pará";"48,0";"Baixo"
"2021-08-16";"Pará";"40,0";"Baixo"
"2021-08-23";"Pará";"40,0";"Baixo"
"2021-08-30";"Pará";"42,0";"Baixo"
"2021-09-06";"Pará";"35,0";"Baixo"
"2021-09-13";"Pará";"31,0";"Baixo"
"2021-09-20";"Pará";"31,0";"Baixo"
"2021-09-27";"Pará";"31,0";"Baixo"
"2021-10-04";"Pará";"23,0";"Baixo"
"2021-10-11";"Pará";"23,0";"Baixo"
"2021-10-18";"Pará";"39,0";"Baixo"
"2021-10-25";"Pará";"34,0";"Baixo"
"2021-11-01";"Pará";"47,0";"Baixo"
"2021-11-08";"Pará";"40,0";"Baixo"
"2021-11-15";"Pará";"54,0";"Baixo"
"2021-11-22";"Pará";"65,0";"Médio"
"2021-11-29";"Pará";"75,0";"Médio"
"2021-12-06";"Pará";"91,0";"Crítico"
"2021-12-20";"Pará";"72,0";"Médio"
"2022-01-05";"Pará";"67,0";"Médio"
"2022-01-10";"Pará";"71,0";"Médio"
"2022-01-17";"Pará";"63,0";"Médio"
"2022-01-24";"Pará";"76,0";"Médio"
"2022-01-31";"Pará";"74,0";"Médio"
"2022-02-07";"Pará";"79,0";"Médio"
"2022-02-14";"Pará";"63,0";"Médio"
"2022-02-22";"Pará";"49,0";"Baixo"
"2022-03-07";"Pará";"33,0";"Baixo"
"2022-03-21";"Pará";"26,0";"Baixo"
"2022-04-04";"Pará";"24,0";"Baixo"
"2022-04-25";"Pará";"20,0";"Baixo"
"2020-07-17";"Amapá";"30,0";"Baixo"
"2020-07-27";"Amapá";"29,2";"Baixo"
"2020-08-10";"Amapá";"25,0";"Baixo"
"2020-08-24";"Amapá";"22,7";"Baixo"
"2020-09-07";"Amapá";"13,6";"Baixo"
"2020-09-21";"Amapá";"15,7";"Baixo"
"2020-10-05";"Amapá";"18,4";"Baixo"
"2020-10-26";"Amapá";"55,0";"Baixo"
"2020-11-09";"Amapá";"67,3";"Médio"
"2020-11-23";"Amapá";"78,3";"Médio"
"2020-12-07";"Amapá";"79,0";"Médio"
"2020-12-21";"Amapá";"81,0";"Crítico"
"2021-01-04";"Amapá";"81,0";"Crítico"
"2021-01-18";"Amapá";"83,1";"Crítico"
"2021-02-01";"Amapá";"66,7";"Médio"
"2021-02-22";"Amapá";"62,3";"Médio"
"2021-03-01";"Amapá";"64,0";"Médio"
"2021-03-08";"Amapá";"79,0";"Médio"
"2021-03-15";"Amapá";"90,0";"Crítico"
"2021-03-22";"Amapá";"94,0";"Crítico"
"2021-03-29";"Amapá";"100,0";"Crítico"
"2021-04-05";"Amapá";"91,0";"Crítico"
"2021-04-12";"Amapá";"84,0";"Crítico"
"2021-04-19";"Amapá";"68,0";"Médio"
"2021-04-26";"Amapá";"63,0";"Médio"
"2021-05-03";"Amapá";"69,0";"Médio"
"2021-05-10";"Amapá";"72,0";"Médio"
"2021-05-17";"Amapá";"68,0";"Médio"
"2021-05-24";"Amapá";"72,0";"Médio"
"2021-05-31";"Amapá";"69,0";"Médio"
"2021-06-07";"Amapá";"68,0";"Médio"
"2021-06-14";"Amapá";"63,0";"Médio"
"2021-06-21";"Amapá";"53,0";"Baixo"
"2021-06-28";"Amapá";"55,0";"Baixo"
"2021-07-05";"Amapá";"50,0";"Baixo"
"2021-07-12";"Amapá";"47,0";"Baixo"
"2021-07-19";"Amapá";"47,0";"Baixo"
"2021-07-26";"Amapá";"34,0";"Baixo"
"2021-08-02";"Amapá";"30,0";"Baixo"
"2021-08-09";"Amapá";"26,0";"Baixo"
"2021-08-16";"Amapá";"20,0";"Baixo"
"2021-08-23";"Amapá";"21,0";"Baixo"
"2021-08-30";"Amapá";"15,0";"Baixo"
"2021-09-06";"Amapá";"16,0";"Baixo"
"2021-09-13";"Amapá";"13,0";"Baixo"
"2021-09-20";"Amapá";"15,0";"Baixo"
"2021-09-27";"Amapá";"15,0";"Baixo"
"2021-10-04";"Amapá";"12,0";"Baixo"
"2021-10-11";"Amapá";"11,0";"Baixo"
"2021-10-18";"Amapá";"9,0";"Baixo"
"2021-10-25";"Amapá";"10,0";"Baixo"
"2021-11-01";"Amapá";"18,0";"Baixo"
"2021-11-08";"Amapá";"16,0";"Baixo"
"2021-11-15";"Amapá";"18,0";"Baixo"
"2021-11-22";"Amapá";"16,0";"Baixo"
"2021-11-29";"Amapá";"13,0";"Baixo"
"2021-12-06";"Amapá";"11,0";"Baixo"
"2021-12-20";"Amapá";"23,0";"Baixo"
"2022-01-05";"Amapá";"31,0";"Baixo"
"2022-01-10";"Amapá";"47,0";"Baixo"
"2022-01-17";"Amapá";"45,0";"Baixo"
"2022-01-24";"Amapá";"69,0";"Médio"
"2022-01-31";"Amapá";"69,0";"Médio"
"2022-02-07";"Amapá";"63,0";"Médio"
"2022-02-14";"Amapá";"44,0";"Baixo"
"2022-02-22";"Amapá";"37,0";"Baixo"
"2022-03-07";"Amapá";"15,0";"Baixo"
"2022-03-21";"Amapá";"7,0";"Baixo"
"2022-04-04";"Amapá";"3,0";"Baixo"
"2022-04-25";"Amapá";"0,0";"Baixo"
"2020-07-17";"Tocantins";"62,0";"Médio"
"2020-07-27";"Tocantins";"64,0";"Médio"
"2020-08-10";"Tocantins";"83,0";"Crítico"
"2020-08-24";"Tocantins";"74,1";"Médio"
"2020-09-07";"Tocantins";"70,7";"Médio"
"2020-09-21";"Tocantins";"53,0";"Baixo"
"2020-10-05";"Tocantins";"50,3";"Baixo"
"2020-10-26";"Tocantins";"34,2";"Baixo"
"2020-11-09";"Tocantins";"29,0";"Baixo"
"2020-11-23";"Tocantins";"23,5";"Baixo"
"2020-12-07";"Tocantins";"37,1";"Baixo"
"2020-12-21";"Tocantins";"41,5";"Baixo"
"2021-01-04";"Tocantins";"45,6";"Baixo"
"2021-01-18";"Tocantins";"64,3";"Médio"
"2021-02-01";"Tocantins";"56,6";"Baixo"
"2021-02-22";"Tocantins";"74,1";"Médio"
"2021-03-01";"Tocantins";"86,0";"Crítico"
"2021-03-08";"Tocantins";"94,8";"Crítico"
"2021-03-15";"Tocantins";"96,0";"Crítico"
"2021-03-22";"Tocantins";"90,0";"Crítico"
"2021-03-29";"Tocantins";"97,0";"Crítico"
"2021-04-05";"Tocantins";"95,0";"Crítico"
"2021-04-12";"Tocantins";"90,0";"Crítico"
"2021-04-19";"Tocantins";"93,0";"Crítico"
"2021-04-26";"Tocantins";"91,0";"Crítico"
"2021-05-03";"Tocantins";"88,0";"Crítico"
"2021-05-10";"Tocantins";"81,0";"Crítico"
"2021-05-17";"Tocantins";"89,0";"Crítico"
"2021-05-24";"Tocantins";"86,0";"Crítico"
"2021-05-31";"Tocantins";"91,0";"Crítico"
"2021-06-07";"Tocantins";"94,0";"Crítico"
"2021-06-14";"Tocantins";"97,0";"Crítico"
"2021-06-21";"Tocantins";"95,0";"Crítico"
"2021-06-28";"Tocantins";"90,0";"Crítico"
"2021-07-05";"Tocantins";"71,0";"Médio"
"2021-07-12";"Tocantins";"75,0";"Médio"
"2021-07-19";"Tocantins";"77,0";"Médio"
"2021-07-26";"Tocantins";"71,0";"Médio"
"2021-08-02";"Tocantins";"64,0";"Médio"
"2021-08-09";"Tocantins";"58,0";"Baixo"
"2021-08-16";"Tocantins";"57,0";"Baixo"
"2021-08-23";"Tocantins";"44,0";"Baixo"
"2021-08-30";"Tocantins";"43,0";"Baixo"
"2021-09-06";"Tocantins";"41,0";"Baixo"
"2021-09-13";"Tocantins";"27,0";"Baixo"
"2021-09-20";"Tocantins";"31,0";"Baixo"
"2021-09-27";"Tocantins";"27,0";"Baixo"
"2021-10-04";"Tocantins";"33,0";"Baixo"
"2021-10-11";"Tocantins";"27,0";"Baixo"
"2021-10-18";"Tocantins";"14,0";"Baixo"
"2021-10-25";"Tocantins";"18,0";"Baixo"
"2021-11-01";"Tocantins";"21,0";"Baixo"
"2021-11-08";"Tocantins";"16,0";"Baixo"
"2021-11-15";"Tocantins";"15,0";"Baixo"
"2021-11-22";"Tocantins";"24,0";"Baixo"
"2021-11-29";"Tocantins";"19,0";"Baixo"
"2021-12-06";"Tocantins";"23,0";"Baixo"
"2021-12-20";"Tocantins";"23,0";"Baixo"
"2022-01-05";"Tocantins";"62,0";"Médio"
"2022-01-10";"Tocantins";"61,0";"Médio"
"2022-01-17";"Tocantins";"76,0";"Médio"
"2022-01-24";"Tocantins";"77,0";"Médio"
"2022-01-31";"Tocantins";"78,0";"Médio"
"2022-02-07";"Tocantins";"81,0";"Crítico"
"2022-02-14";"Tocantins";"64,0";"Médio"
"2022-02-22";"Tocantins";"64,0";"Médio"
"2022-03-07";"Tocantins";"26,0";"Baixo"
"2022-03-21";"Tocantins";"16,0";"Baixo"
"2022-04-04";"Tocantins";"14,0";"Baixo"
"2022-04-25";"Tocantins";"11,0";"Baixo"
"2020-07-17";"Maranhão";"54,8";"Baixo"
"2020-07-27";"Maranhão";"51,3";"Baixo"
"2020-08-10";"Maranhão";"38,7";"Baixo"
"2020-08-24";"Maranhão";"38,7";"Baixo"
"2020-09-07";"Maranhão";"39,0";"Baixo"
"2020-09-21";"Maranhão";"27,8";"Baixo"
"2020-10-05";"Maranhão";"24,0";"Baixo"
"2020-10-26";"Maranhão";"31,2";"Baixo"
"2020-11-09";"Maranhão";"28,3";"Baixo"
"2020-11-23";"Maranhão";"29,4";"Baixo"
"2020-12-07";"Maranhão";"31,2";"Baixo"
"2020-12-21";"Maranhão";"30,5";"Baixo"
"2021-01-04";"Maranhão";"33,5";"Baixo"
"2021-01-18";"Maranhão";"50,9";"Baixo"
"2021-02-01";"Maranhão";"63,9";"Médio"
"2021-02-22";"Maranhão";"77,7";"Médio"
"2021-03-01";"Maranhão";"86,0";"Crítico"
"2021-03-08";"Maranhão";"89,1";"Crítico"
"2021-03-15";"Maranhão";"87,0";"Crítico"
"2021-03-22";"Maranhão";"89,0";"Crítico"
"2021-03-29";"Maranhão";"88,0";"Crítico"
"2021-04-05";"Maranhão";"80,0";"Crítico"
"2021-04-12";"Maranhão";"78,0";"Médio"
"2021-04-19";"Maranhão";"78,0";"Médio"
"2021-04-26";"Maranhão";"74,0";"Médio"
"2021-05-03";"Maranhão";"73,0";"Médio"
"2021-05-10";"Maranhão";"67,0";"Médio"
"2021-05-17";"Maranhão";"69,0";"Médio"
"2021-05-24";"Maranhão";"76,0";"Médio"
"2021-05-31";"Maranhão";"83,0";"Crítico"
"2021-06-07";"Maranhão";"90,0";"Crítico"
"2021-06-14";"Maranhão";"87,0";"Crítico"
"2021-06-21";"Maranhão";"84,0";"Crítico"
"2021-06-28";"Maranhão";"79,0";"Médio"
"2021-07-05";"Maranhão";"75,0";"Médio"
"2021-07-12";"Maranhão";"68,0";"Médio"
"2021-07-19";"Maranhão";"65,0";"Médio"
"2021-07-26";"Maranhão";"65,0";"Médio"
"2021-08-02";"Maranhão";"57,0";"Baixo"
"2021-08-09";"Maranhão";"52,0";"Baixo"
"2021-08-16";"Maranhão";"48,0";"Baixo"
"2021-08-23";"Maranhão";"49,0";"Baixo"
"2021-08-30";"Maranhão";"45,0";"Baixo"
"2021-09-06";"Maranhão";"42,0";"Baixo"
"2021-09-13";"Maranhão";"29,0";"Baixo"
"2021-09-20";"Maranhão";"27,0";"Baixo"
"2021-09-27";"Maranhão";"26,0";"Baixo"
"2021-10-04";"Maranhão";"32,0";"Baixo"
"2021-10-11";"Maranhão";"14,0";"Baixo"
"2021-10-18";"Maranhão";"26,0";"Baixo"
"2021-10-25";"Maranhão";"32,0";"Baixo"
"2021-11-01";"Maranhão";"35,0";"Baixo"
"2021-11-08";"Maranhão";"33,0";"Baixo"
"2021-11-15";"Maranhão";"24,0";"Baixo"
"2021-11-22";"Maranhão";"18,0";"Baixo"
"2021-11-29";"Maranhão";"34,0";"Baixo"
"2021-12-06";"Maranhão";"30,0";"Baixo"
"2021-12-20";"Maranhão";"36,0";"Baixo"
"2022-01-05";"Maranhão";"37,0";"Baixo"
"2022-01-10";"Maranhão";"58,0";"Baixo"
"2022-01-17";"Maranhão";"60,0";"Médio"
"2022-01-24";"Maranhão";"57,0";"Baixo"
"2022-01-31";"Maranhão";"59,0";"Baixo"
"2022-02-07";"Maranhão";"51,0";"Baixo"
"2022-02-14";"Maranhão";"47,0";"Baixo"
"2022-02-22";"Maranhão";"38,0";"Baixo"
"2022-03-07";"Maranhão";"32,0";"Baixo"
"2022-03-21";"Maranhão";"23,0";"Baixo"
"2022-04-04";"Maranhão";"13,0";"Baixo"
"2022-04-25";"Maranhão";"5,0";"Baixo"
"2020-07-17";"Piauí";"69,8";"Médio"
"2020-07-27";"Piauí";"67,9";"Médio"
"2020-08-10";"Piauí";"59,1";"Baixo"
"2020-08-24";"Piauí";"54,4";"Baixo"
"2020-09-07";"Piauí";"54,8";"Baixo"
"2020-09-21";"Piauí";"55,5";"Baixo"
"2020-10-05";"Piauí";"53,5";"Baixo"
"2020-10-26";"Piauí";"49,0";"Baixo"
"2020-11-09";"Piauí";"51,2";"Baixo"
"2020-11-23";"Piauí";"51,1";"Baixo"
"2020-12-07";"Piauí";"48,0";"Baixo"
"2020-12-21";"Piauí";"47,6";"Baixo"
"2021-01-04";"Piauí";"62,0";"Médio"
"2021-01-18";"Piauí";"61,9";"Médio"
"2021-02-01";"Piauí";"66,9";"Médio"
"2021-02-22";"Piauí";"77,2";"Médio"
"2021-03-01";"Piauí";"80,0";"Crítico"
"2021-03-08";"Piauí";"82,7";"Crítico"
"2021-03-15";"Piauí";"90,0";"Crítico"
"2021-03-22";"Piauí";"96,0";"Crítico"
"2021-03-29";"Piauí";"96,0";"Crítico"
"2021-04-05";"Piauí";"97,0";"Crítico"
"2021-04-12";"Piauí";"94,0";"Crítico"
"2021-04-19";"Piauí";"94,0";"Crítico"
"2021-04-26";"Piauí";"93,0";"Crítico"
"2021-05-03";"Piauí";"92,0";"Crítico"
"2021-05-10";"Piauí";"90,0";"Crítico"
"2021-05-17";"Piauí";"91,0";"Crítico"
"2021-05-24";"Piauí";"91,0";"Crítico"
"2021-05-31";"Piauí";"89,0";"Crítico"
"2021-06-07";"Piauí";"88,0";"Crítico"
"2021-06-14";"Piauí";"83,0";"Crítico"
"2021-06-21";"Piauí";"71,0";"Médio"
"2021-06-28";"Piauí";"76,0";"Médio"
"2021-07-05";"Piauí";"69,0";"Médio"
"2021-07-12";"Piauí";"64,0";"Médio"
"2021-07-19";"Piauí";"54,0";"Baixo"
"2021-07-26";"Piauí";"52,0";"Baixo"
"2021-08-02";"Piauí";"49,0";"Baixo"
"2021-08-09";"Piauí";"48,0";"Baixo"
"2021-08-16";"Piauí";"40,0";"Baixo"
"2021-08-23";"Piauí";"43,0";"Baixo"
"2021-08-30";"Piauí";"41,0";"Baixo"
"2021-09-06";"Piauí";"41,0";"Baixo"
"2021-09-13";"Piauí";"40,0";"Baixo"
"2021-09-20";"Piauí";"34,0";"Baixo"
"2021-09-27";"Piauí";"41,0";"Baixo"
"2021-10-04";"Piauí";"48,0";"Baixo"
"2021-10-11";"Piauí";"52,0";"Baixo"
"2021-10-18";"Piauí";"46,0";"Baixo"
"2021-10-25";"Piauí";"59,0";"Baixo"
"2021-11-01";"Piauí";"51,0";"Baixo"
"2021-11-08";"Piauí";"58,0";"Baixo"
"2021-11-15";"Piauí";"58,0";"Baixo"
"2021-11-22";"Piauí";"57,0";"Baixo"
"2021-11-29";"Piauí";"54,0";"Baixo"
"2021-12-06";"Piauí";"52,0";"Baixo"
"2021-12-20";"Piauí";"47,0";"Baixo"
"2022-01-05";"Piauí";"53,0";"Baixo"
"2022-01-10";"Piauí";"66,0";"Médio"
"2022-01-17";"Piauí";"67,0";"Médio"
"2022-01-24";"Piauí";"82,0";"Crítico"
"2022-01-31";"Piauí";"87,0";"Crítico"
"2022-02-07";"Piauí";"87,0";"Crítico"
"2022-02-14";"Piauí";"77,0";"Médio"
"2022-02-22";"Piauí";"68,0";"Médio"
"2022-03-07";"Piauí";"40,0";"Baixo"
"2022-03-21";"Piauí";"30,0";"Baixo"
"2022-04-04";"Piauí";"40,0";"Baixo"
"2022-04-25";"Piauí";"29,0";"Baixo"
"2020-07-17";"Ceará";"72,5";"Médio"
"2020-07-27";"Ceará";"71,3";"Médio"
"2020-08-10";"Ceará";"70,2";"Médio"
"2020-08-24";"Ceará";"64,7";"Médio"
"2020-09-07";"Ceará";"59,3";"Baixo"
"2020-09-21";"Ceará";"62,1";"Médio"
"2020-10-05";"Ceará";"64,3";"Médio"
"2020-10-26";"Ceará";"60,9";"Médio"
"2020-11-09";"Ceará";"68,1";"Médio"
"2020-11-23";"Ceará";"65,5";"Médio"
"2020-12-07";"Ceará";"74,0";"Médio"
"2020-12-21";"Ceará";"65,8";"Médio"
"2021-01-04";"Ceará";"61,6";"Médio"
"2021-01-18";"Ceará";"72,8";"Médio"
"2021-02-01";"Ceará";"86,1";"Crítico"
"2021-02-22";"Ceará";"92,2";"Crítico"
"2021-03-01";"Ceará";"93,0";"Crítico"
"2021-03-08";"Ceará";"96,0";"Crítico"
"2021-03-15";"Ceará";"94,0";"Crítico"
"2021-03-22";"Ceará";"97,0";"Crítico"
"2021-03-29";"Ceará";"94,0";"Crítico"
"2021-04-05";"Ceará";"96,0";"Crítico"
"2021-04-12";"Ceará";"97,0";"Crítico"
"2021-04-19";"Ceará";"98,0";"Crítico"
"2021-04-26";"Ceará";"97,0";"Crítico"
"2021-05-03";"Ceará";"97,0";"Crítico"
"2021-05-10";"Ceará";"90,0";"Crítico"
"2021-05-17";"Ceará";"94,0";"Crítico"
"2021-05-24";"Ceará";"92,0";"Crítico"
"2021-05-31";"Ceará";"92,0";"Crítico"
"2021-06-07";"Ceará";"93,0";"Crítico"
"2021-06-14";"Ceará";"88,0";"Crítico"
"2021-06-21";"Ceará";"82,0";"Crítico"
"2021-06-28";"Ceará";"74,0";"Médio"
"2021-07-05";"Ceará";"73,0";"Médio"
"2021-07-12";"Ceará";"67,0";"Médio"
"2021-07-19";"Ceará";"59,0";"Baixo"
"2021-07-26";"Ceará";"52,0";"Baixo"
"2021-08-02";"Ceará";"48,0";"Baixo"
"2021-08-09";"Ceará";"47,0";"Baixo"
"2021-08-16";"Ceará";"41,0";"Baixo"
"2021-08-23";"Ceará";"36,0";"Baixo"
"2021-08-30";"Ceará";"37,0";"Baixo"
"2021-09-06";"Ceará";"38,0";"Baixo"
"2021-09-13";"Ceará";"40,0";"Baixo"
"2021-09-20";"Ceará";"35,0";"Baixo"
"2021-09-27";"Ceará";"31,0";"Baixo"
"2021-10-04";"Ceará";"32,0";"Baixo"
"2021-10-11";"Ceará";"48,0";"Baixo"
"2021-10-18";"Ceará";"51,0";"Baixo"
"2021-10-25";"Ceará";"46,0";"Baixo"
"2021-11-01";"Ceará";"40,0";"Baixo"
"2021-11-08";"Ceará";"40,0";"Baixo"
"2021-11-15";"Ceará";"42,0";"Baixo"
"2021-11-22";"Ceará";"51,0";"Baixo"
"2021-11-29";"Ceará";"45,0";"Baixo"
"2021-12-06";"Ceará";"52,0";"Baixo"
"2021-12-20";"Ceará";"47,0";"Baixo"
"2022-01-05";"Ceará";"46,0";"Baixo"
"2022-01-10";"Ceará";"68,0";"Médio"
"2022-01-17";"Ceará";"71,0";"Médio"
"2022-01-24";"Ceará";"75,0";"Médio"
"2022-01-31";"Ceará";"67,0";"Médio"
"2022-02-07";"Ceará";"73,0";"Médio"
"2022-02-14";"Ceará";"59,0";"Baixo"
"2022-02-22";"Ceará";"58,0";"Baixo"
"2022-03-07";"Ceará";"36,0";"Baixo"
"2022-03-21";"Ceará";"24,0";"Baixo"
"2022-04-04";"Ceará";"16,0";"Baixo"
"2022-04-25";"Ceará";"20,0";"Baixo"
"2020-07-17";"Rio Grande do Norte";"77,1";"Médio"
"2020-07-27";"Rio Grande do Norte";"64,4";"Médio"
"2020-08-10";"Rio Grande do Norte";"55,1";"Baixo"
"2020-08-24";"Rio Grande do Norte";"38,3";"Baixo"
"2020-09-07";"Rio Grande do Norte";"47,3";"Baixo"
"2020-09-21";"Rio Grande do Norte";"39,6";"Baixo"
"2020-10-05";"Rio Grande do Norte";"37,9";"Baixo"
"2020-10-26";"Rio Grande do Norte";"35,6";"Baixo"
"2020-11-09";"Rio Grande do Norte";"33,0";"Baixo"
"2020-11-23";"Rio Grande do Norte";"48,7";"Baixo"
"2020-12-07";"Rio Grande do Norte";"67,5";"Médio"
"2020-12-21";"Rio Grande do Norte";"62,8";"Médio"
"2021-01-04";"Rio Grande do Norte";"65,1";"Médio"
"2021-01-18";"Rio Grande do Norte";"65,3";"Médio"
"2021-02-01";"Rio Grande do Norte";"60,2";"Médio"
"2021-02-22";"Rio Grande do Norte";"81,4";"Crítico"
"2021-03-01";"Rio Grande do Norte";"91,0";"Crítico"
"2021-03-08";"Rio Grande do Norte";"93,2";"Crítico"
"2021-03-15";"Rio Grande do Norte";"96,0";"Crítico"
"2021-03-22";"Rio Grande do Norte";"96,0";"Crítico"
"2021-03-29";"Rio Grande do Norte";"95,0";"Crítico"
"2021-04-05";"Rio Grande do Norte";"97,0";"Crítico"
"2021-04-12";"Rio Grande do Norte";"98,0";"Crítico"
"2021-04-19";"Rio Grande do Norte";"93,0";"Crítico"
"2021-04-26";"Rio Grande do Norte";"91,0";"Crítico"
"2021-05-03";"Rio Grande do Norte";"94,0";"Crítico"
"2021-05-10";"Rio Grande do Norte";"95,0";"Crítico"
"2021-05-17";"Rio Grande do Norte";"96,0";"Crítico"
"2021-05-24";"Rio Grande do Norte";"97,0";"Crítico"
"2021-05-31";"Rio Grande do Norte";"99,0";"Crítico"
"2021-06-07";"Rio Grande do Norte";"94,0";"Crítico"
"2021-06-14";"Rio Grande do Norte";"89,0";"Crítico"
"2021-06-21";"Rio Grande do Norte";"76,0";"Médio"
"2021-06-28";"Rio Grande do Norte";"72,0";"Médio"
"2021-07-05";"Rio Grande do Norte";"57,0";"Baixo"
"2021-07-12";"Rio Grande do Norte";"55,0";"Baixo"
"2021-07-19";"Rio Grande do Norte";"49,0";"Baixo"
"2021-07-26";"Rio Grande do Norte";"41,0";"Baixo"
"2021-08-02";"Rio Grande do Norte";"38,0";"Baixo"
"2021-08-09";"Rio Grande do Norte";"34,0";"Baixo"
"2021-08-16";"Rio Grande do Norte";"35,0";"Baixo"
"2021-08-23";"Rio Grande do Norte";"36,0";"Baixo"
"2021-08-30";"Rio Grande do Norte";"31,0";"Baixo"
"2021-09-06";"Rio Grande do Norte";"30,0";"Baixo"
"2021-09-13";"Rio Grande do Norte";"27,0";"Baixo"
"2021-09-20";"Rio Grande do Norte";"27,0";"Baixo"
"2021-09-27";"Rio Grande do Norte";"25,0";"Baixo"
"2021-10-04";"Rio Grande do Norte";"22,0";"Baixo"
"2021-10-11";"Rio Grande do Norte";"35,0";"Baixo"
"2021-10-18";"Rio Grande do Norte";"36,0";"Baixo"
"2021-10-25";"Rio Grande do Norte";"41,0";"Baixo"
"2021-11-01";"Rio Grande do Norte";"50,0";"Baixo"
"2021-11-08";"Rio Grande do Norte";"46,0";"Baixo"
"2021-11-15";"Rio Grande do Norte";"49,0";"Baixo"
"2021-11-22";"Rio Grande do Norte";"39,0";"Baixo"
"2021-11-29";"Rio Grande do Norte";"37,0";"Baixo"
"2021-12-06";"Rio Grande do Norte";"37,0";"Baixo"
"2021-12-20";"Rio Grande do Norte";"29,0";"Baixo"
"2022-01-05";"Rio Grande do Norte";"36,0";"Baixo"
"2022-01-10";"Rio Grande do Norte";"27,0";"Baixo"
"2022-01-17";"Rio Grande do Norte";"65,0";"Médio"
"2022-01-24";"Rio Grande do Norte";"83,0";"Crítico"
"2022-01-31";"Rio Grande do Norte";"86,0";"Crítico"
"2022-02-07";"Rio Grande do Norte";"89,0";"Crítico"
"2022-02-14";"Rio Grande do Norte";"80,0";"Crítico"
"2022-02-22";"Rio Grande do Norte";"49,0";"Baixo"
"2022-03-07";"Rio Grande do Norte";"28,0";"Baixo"
"2022-03-21";"Rio Grande do Norte";"24,0";"Baixo"
"2022-04-04";"Rio Grande do Norte";"25,0";"Baixo"
"2022-04-25";"Rio Grande do Norte";"30,0";"Baixo"
"2020-07-17";"Paraíba";"54,0";"Baixo"
"2020-07-27";"Paraíba";"47,0";"Baixo"
"2020-08-10";"Paraíba";"47,0";"Baixo"
"2020-08-24";"Paraíba";"38,0";"Baixo"
"2020-09-07";"Paraíba";"40,0";"Baixo"
"2020-09-21";"Paraíba";"37,0";"Baixo"
"2020-10-05";"Paraíba";"36,0";"Baixo"
"2020-10-26";"Paraíba";"37,0";"Baixo"
"2020-11-09";"Paraíba";"36,0";"Baixo"
"2020-11-23";"Paraíba";"44,9";"Baixo"
"2020-12-07";"Paraíba";"55,5";"Baixo"
"2020-12-21";"Paraíba";"51,9";"Baixo"
"2021-01-04";"Paraíba";"48,3";"Baixo"
"2021-01-18";"Paraíba";"55,7";"Baixo"
"2021-02-01";"Paraíba";"50,2";"Baixo"
"2021-02-22";"Paraíba";"62,4";"Médio"
"2021-03-01";"Paraíba";"69,0";"Médio"
"2021-03-08";"Paraíba";"75,2";"Médio"
"2021-03-15";"Paraíba";"85,0";"Crítico"
"2021-03-22";"Paraíba";"83,0";"Crítico"
"2021-03-29";"Paraíba";"84,0";"Crítico"
"2021-04-05";"Paraíba";"77,0";"Médio"
"2021-04-12";"Paraíba";"70,0";"Médio"
"2021-04-19";"Paraíba";"63,0";"Médio"
"2021-04-26";"Paraíba";"53,0";"Baixo"
"2021-05-03";"Paraíba";"55,0";"Baixo"
"2021-05-10";"Paraíba";"59,0";"Baixo"
"2021-05-17";"Paraíba";"68,0";"Médio"
"2021-05-24";"Paraíba";"75,0";"Médio"
"2021-05-31";"Paraíba";"81,0";"Crítico"
"2021-06-07";"Paraíba";"80,0";"Crítico"
"2021-06-14";"Paraíba";"73,0";"Médio"
"2021-06-21";"Paraíba";"67,0";"Médio"
"2021-06-28";"Paraíba";"59,0";"Baixo"
"2021-07-05";"Paraíba";"49,0";"Baixo"
"2021-07-12";"Paraíba";"39,0";"Baixo"
"2021-07-19";"Paraíba";"34,0";"Baixo"
"2021-07-26";"Paraíba";"34,0";"Baixo"
"2021-08-02";"Paraíba";"26,0";"Baixo"
"2021-08-09";"Paraíba";"22,0";"Baixo"
"2021-08-16";"Paraíba";"19,0";"Baixo"
"2021-08-23";"Paraíba";"19,0";"Baixo"
"2021-08-30";"Paraíba";"18,0";"Baixo"
"2021-09-06";"Paraíba";"20,0";"Baixo"
"2021-09-13";"Paraíba";"19,0";"Baixo"
"2021-09-20";"Paraíba";"19,0";"Baixo"
"2021-09-27";"Paraíba";"17,0";"Baixo"
"2021-10-04";"Paraíba";"17,0";"Baixo"
"2021-10-11";"Paraíba";"25,0";"Baixo"
"2021-10-18";"Paraíba";"20,0";"Baixo"
"2021-10-25";"Paraíba";"25,0";"Baixo"
"2021-11-01";"Paraíba";"25,0";"Baixo"
"2021-11-08";"Paraíba";"24,0";"Baixo"
"2021-11-15";"Paraíba";"24,0";"Baixo"
"2021-11-22";"Paraíba";"21,0";"Baixo"
"2021-11-29";"Paraíba";"19,0";"Baixo"
"2021-12-06";"Paraíba";"16,0";"Baixo"
"2021-12-20";"Paraíba";"17,0";"Baixo"
"2022-01-05";"Paraíba";"18,0";"Baixo"
"2022-01-10";"Paraíba";"23,0";"Baixo"
"2022-01-17";"Paraíba";"24,0";"Baixo"
"2022-01-24";"Paraíba";"28,0";"Baixo"
"2022-01-31";"Paraíba";"41,0";"Baixo"
"2022-02-07";"Paraíba";"52,0";"Baixo"
"2022-02-14";"Paraíba";"59,0";"Baixo"
"2022-02-22";"Paraíba";"48,0";"Baixo"
"2022-03-07";"Paraíba";"32,0";"Baixo"
"2022-03-21";"Paraíba";"16,0";"Baixo"
"2022-04-04";"Paraíba";"19,0";"Baixo"
"2022-04-25";"Paraíba";"8,0";"Baixo"
"2020-07-17";"Pernambuco";"76,0";"Médio"
"2020-07-27";"Pernambuco";"75,0";"Médio"
"2020-08-10";"Pernambuco";"65,0";"Médio"
"2020-08-24";"Pernambuco";"72,0";"Médio"
"2020-09-07";"Pernambuco";"73,0";"Médio"
"2020-09-21";"Pernambuco";"66,0";"Médio"
"2020-10-05";"Pernambuco";"70,0";"Médio"
"2020-10-26";"Pernambuco";"72,0";"Médio"
"2020-11-09";"Pernambuco";"78,0";"Médio"
"2020-11-23";"Pernambuco";"78,0";"Médio"
"2020-12-07";"Pernambuco";"87,0";"Crítico"
"2020-12-21";"Pernambuco";"83,0";"Crítico"
"2021-01-04";"Pernambuco";"83,0";"Crítico"
"2021-01-18";"Pernambuco";"86,0";"Crítico"
"2021-02-01";"Pernambuco";"84,0";"Crítico"
"2021-02-22";"Pernambuco";"85,0";"Crítico"
"2021-03-01";"Pernambuco";"93,0";"Crítico"
"2021-03-08";"Pernambuco";"95,0";"Crítico"
"2021-03-15";"Pernambuco";"96,0";"Crítico"
"2021-03-22";"Pernambuco";"97,0";"Crítico"
"2021-03-29";"Pernambuco";"97,0";"Crítico"
"2021-04-05";"Pernambuco";"97,0";"Crítico"
"2021-04-12";"Pernambuco";"97,0";"Crítico"
"2021-04-19";"Pernambuco";"97,0";"Crítico"
"2021-04-26";"Pernambuco";"96,0";"Crítico"
"2021-05-03";"Pernambuco";"97,0";"Crítico"
"2021-05-10";"Pernambuco";"96,0";"Crítico"
"2021-05-17";"Pernambuco";"97,0";"Crítico"
"2021-05-24";"Pernambuco";"98,0";"Crítico"
"2021-05-31";"Pernambuco";"98,0";"Crítico"
"2021-06-07";"Pernambuco";"97,0";"Crítico"
"2021-06-14";"Pernambuco";"94,0";"Crítico"
"2021-06-21";"Pernambuco";"83,0";"Crítico"
"2021-06-28";"Pernambuco";"76,0";"Médio"
"2021-07-05";"Pernambuco";"63,0";"Médio"
"2021-07-12";"Pernambuco";"62,0";"Médio"
"2021-07-19";"Pernambuco";"58,0";"Baixo"
"2021-07-26";"Pernambuco";"50,0";"Baixo"
"2021-08-02";"Pernambuco";"47,0";"Baixo"
"2021-08-09";"Pernambuco";"41,0";"Baixo"
"2021-08-16";"Pernambuco";"42,0";"Baixo"
"2021-08-23";"Pernambuco";"39,0";"Baixo"
"2021-08-30";"Pernambuco";"38,0";"Baixo"
"2021-09-06";"Pernambuco";"43,0";"Baixo"
"2021-09-13";"Pernambuco";"45,0";"Baixo"
"2021-09-20";"Pernambuco";"44,0";"Baixo"
"2021-09-27";"Pernambuco";"43,0";"Baixo"
"2021-10-04";"Pernambuco";"50,0";"Baixo"
"2021-10-11";"Pernambuco";"51,0";"Baixo"
"2021-10-18";"Pernambuco";"48,0";"Baixo"
"2021-10-25";"Pernambuco";"48,0";"Baixo"
"2021-11-01";"Pernambuco";"46,0";"Baixo"
"2021-11-08";"Pernambuco";"48,0";"Baixo"
"2021-11-15";"Pernambuco";"52,0";"Baixo"
"2021-11-22";"Pernambuco";"49,0";"Baixo"
"2021-11-29";"Pernambuco";"49,0";"Baixo"
"2021-12-06";"Pernambuco";"53,0";"Baixo"
"2021-12-20";"Pernambuco";"56,0";"Baixo"
"2022-01-05";"Pernambuco";"79,0";"Médio"
"2022-01-10";"Pernambuco";"82,0";"Crítico"
"2022-01-17";"Pernambuco";"86,0";"Crítico"
"2022-01-24";"Pernambuco";"81,0";"Crítico"
"2022-01-31";"Pernambuco";"88,0";"Crítico"
"2022-02-07";"Pernambuco";"88,0";"Crítico"
"2022-02-14";"Pernambuco";"81,0";"Crítico"
"2022-02-22";"Pernambuco";"68,0";"Médio"
"2022-03-07";"Pernambuco";"53,0";"Baixo"
"2022-03-21";"Pernambuco";"43,0";"Baixo"
"2022-04-04";"Pernambuco";"52,0";"Baixo"
"2022-04-25";"Pernambuco";"52,0";"Baixo"
"2020-07-17";"Alagoas";"60,0";"Médio"
"2020-07-27";"Alagoas";"62,0";"Médio"
"2020-08-10";"Alagoas";"43,8";"Baixo"
"2020-08-24";"Alagoas";"40,2";"Baixo"
"2020-09-07";"Alagoas";"37,0";"Baixo"
"2020-09-21";"Alagoas";"36,4";"Baixo"
"2020-10-05";"Alagoas";"24,6";"Baixo"
"2020-10-26";"Alagoas";"35,3";"Baixo"
"2020-11-09";"Alagoas";"32,9";"Baixo"
"2020-11-23";"Alagoas";"44,0";"Baixo"
"2020-12-07";"Alagoas";"48,6";"Baixo"
"2020-12-21";"Alagoas";"48,3";"Baixo"
"2021-01-04";"Alagoas";"56,1";"Baixo"
"2021-01-18";"Alagoas";"56,3";"Baixo"
"2021-02-01";"Alagoas";"47,8";"Baixo"
"2021-02-22";"Alagoas";"65,8";"Médio"
"2021-03-01";"Alagoas";"72,0";"Médio"
"2021-03-08";"Alagoas";"75,2";"Médio"
"2021-03-15";"Alagoas";"84,0";"Crítico"
"2021-03-22";"Alagoas";"85,0";"Crítico"
"2021-03-29";"Alagoas";"86,0";"Crítico"
"2021-04-05";"Alagoas";"89,0";"Crítico"
"2021-04-12";"Alagoas";"88,0";"Crítico"
"2021-04-19";"Alagoas";"83,0";"Crítico"
"2021-04-26";"Alagoas";"76,0";"Médio"
"2021-05-03";"Alagoas";"75,0";"Médio"
"2021-05-10";"Alagoas";"74,0";"Médio"
"2021-05-17";"Alagoas";"77,0";"Médio"
"2021-05-24";"Alagoas";"89,0";"Crítico"
"2021-05-31";"Alagoas";"92,0";"Crítico"
"2021-06-07";"Alagoas";"91,0";"Crítico"
"2021-06-14";"Alagoas";"92,0";"Crítico"
"2021-06-21";"Alagoas";"85,0";"Crítico"
"2021-06-28";"Alagoas";"77,0";"Médio"
"2021-07-05";"Alagoas";"66,0";"Médio"
"2021-07-12";"Alagoas";"60,0";"Médio"
"2021-07-19";"Alagoas";"54,0";"Baixo"
"2021-07-26";"Alagoas";"46,0";"Baixo"
"2021-08-02";"Alagoas";"26,0";"Baixo"
"2021-08-09";"Alagoas";"26,0";"Baixo"
"2021-08-16";"Alagoas";"24,0";"Baixo"
"2021-08-23";"Alagoas";"20,0";"Baixo"
"2021-08-30";"Alagoas";"16,0";"Baixo"
"2021-09-06";"Alagoas";"14,0";"Baixo"
"2021-09-13";"Alagoas";"32,0";"Baixo"
"2021-09-20";"Alagoas";"29,0";"Baixo"
"2021-09-27";"Alagoas";"28,0";"Baixo"
"2021-10-04";"Alagoas";"29,0";"Baixo"
"2021-10-11";"Alagoas";"30,0";"Baixo"
"2021-10-18";"Alagoas";"34,0";"Baixo"
"2021-10-25";"Alagoas";"32,0";"Baixo"
"2021-11-01";"Alagoas";"26,0";"Baixo"
"2021-11-08";"Alagoas";"34,0";"Baixo"
"2021-11-15";"Alagoas";"30,0";"Baixo"
"2021-11-22";"Alagoas";"29,0";"Baixo"
"2021-11-29";"Alagoas";"24,0";"Baixo"
"2021-12-06";"Alagoas";"25,0";"Baixo"
"2021-12-20";"Alagoas";"20,0";"Baixo"
"2022-01-05";"Alagoas";"68,0";"Médio"
"2022-01-10";"Alagoas";"44,0";"Baixo"
"2022-01-17";"Alagoas";"49,0";"Baixo"
"2022-01-24";"Alagoas";"53,0";"Baixo"
"2022-01-31";"Alagoas";"69,0";"Médio"
"2022-02-07";"Alagoas";"69,0";"Médio"
"2022-02-14";"Alagoas";"60,0";"Médio"
"2022-02-22";"Alagoas";"40,0";"Baixo"
"2022-03-07";"Alagoas";"24,0";"Baixo"
"2022-03-21";"Alagoas";"22,0";"Baixo"
"2022-04-04";"Alagoas";"14,0";"Baixo"
"2022-04-25";"Alagoas";"22,0";"Baixo"
"2020-07-17";"Sergipe";"78,6";"Médio"
"2020-07-27";"Sergipe";"76,6";"Médio"
"2020-08-10";"Sergipe";"73,7";"Médio"
"2020-08-24";"Sergipe";"49,3";"Baixo"
"2020-09-07";"Sergipe";"38,5";"Baixo"
"2020-09-21";"Sergipe";"40,1";"Baixo"
"2020-10-05";"Sergipe";"54,3";"Baixo"
"2020-10-26";"Sergipe";"56,7";"Baixo"
"2020-11-09";"Sergipe";"37,5";"Baixo"
"2020-11-23";"Sergipe";"37,5";"Baixo"
"2020-12-07";"Sergipe";"65,0";"Médio"
"2020-12-21";"Sergipe";"65,0";"Médio"
"2021-01-04";"Sergipe";"61,2";"Médio"
"2021-01-18";"Sergipe";"63,6";"Médio"
"2021-02-01";"Sergipe";"54,5";"Baixo"
"2021-02-22";"Sergipe";"61,2";"Médio"
"2021-03-01";"Sergipe";"59,0";"Baixo"
"2021-03-08";"Sergipe";"82,4";"Crítico"
"2021-03-15";"Sergipe";"89,0";"Crítico"
"2021-03-22";"Sergipe";"85,0";"Crítico"
"2021-03-29";"Sergipe";"86,0";"Crítico"
"2021-04-05";"Sergipe";"95,0";"Crítico"
"2021-04-12";"Sergipe";"94,0";"Crítico"
"2021-04-19";"Sergipe";"97,0";"Crítico"
"2021-04-26";"Sergipe";"97,0";"Crítico"
"2021-05-03";"Sergipe";"98,0";"Crítico"
"2021-05-10";"Sergipe";"97,0";"Crítico"
"2021-05-17";"Sergipe";"93,0";"Crítico"
"2021-05-24";"Sergipe";"99,0";"Crítico"
"2021-05-31";"Sergipe";"96,0";"Crítico"
"2021-06-07";"Sergipe";"99,0";"Crítico"
"2021-06-14";"Sergipe";"96,0";"Crítico"
"2021-06-21";"Sergipe";"97,0";"Crítico"
"2021-06-28";"Sergipe";"88,0";"Crítico"
"2021-07-05";"Sergipe";"56,0";"Baixo"
"2021-07-12";"Sergipe";"50,0";"Baixo"
"2021-07-19";"Sergipe";"45,0";"Baixo"
"2021-07-26";"Sergipe";"45,0";"Baixo"
"2021-08-02";"Sergipe";"37,0";"Baixo"
"2021-08-09";"Sergipe";"35,0";"Baixo"
"2021-08-16";"Sergipe";"30,0";"Baixo"
"2021-08-23";"Sergipe";"30,0";"Baixo"
"2021-08-30";"Sergipe";"25,0";"Baixo"
"2021-09-06";"Sergipe";"20,0";"Baixo"
"2021-09-13";"Sergipe";"19,0";"Baixo"
"2021-09-20";"Sergipe";"18,0";"Baixo"
"2021-09-27";"Sergipe";"15,0";"Baixo"
"2021-10-04";"Sergipe";"16,0";"Baixo"
"2021-10-11";"Sergipe";"18,0";"Baixo"
"2021-10-18";"Sergipe";"18,0";"Baixo"
"2021-10-25";"Sergipe";"29,0";"Baixo"
"2021-11-01";"Sergipe";"29,0";"Baixo"
"2021-11-08";"Sergipe";"19,0";"Baixo"
"2021-11-15";"Sergipe";"17,0";"Baixo"
"2021-11-22";"Sergipe";"18,0";"Baixo"
"2021-11-29";"Sergipe";"22,0";"Baixo"
"2021-12-06";"Sergipe";"20,0";"Baixo"
"2021-12-20";"Sergipe";"13,0";"Baixo"
"2022-01-05";"Sergipe";"18,0";"Baixo"
"2022-01-10";"Sergipe";"23,0";"Baixo"
"2022-01-17";"Sergipe";"21,0";"Baixo"
"2022-01-24";"Sergipe";"25,0";"Baixo"
"2022-01-31";"Sergipe";"59,0";"Baixo"
"2022-02-07";"Sergipe";"75,0";"Médio"
"2022-02-14";"Sergipe";"61,0";"Médio"
"2022-02-22";"Sergipe";"78,0";"Médio"
"2022-03-07";"Sergipe";"49,0";"Baixo"
"2022-03-21";"Sergipe";"59,0";"Baixo"
"2022-04-04";"Sergipe";"30,0";"Baixo"
"2022-04-25";"Sergipe";"20,0";"Baixo"
"2020-07-17";"Bahia";"80,0";"Crítico"
"2020-07-27";"Bahia";"75,0";"Médio"
"2020-08-10";"Bahia";"62,0";"Médio"
"2020-08-24";"Bahia";"59,0";"Baixo"
"2020-09-07";"Bahia";"48,8";"Baixo"
"2020-09-21";"Bahia";"48,8";"Baixo"
"2020-10-05";"Bahia";"51,6";"Baixo"
"2020-10-26";"Bahia";"56,6";"Baixo"
"2020-11-09";"Bahia";"51,5";"Baixo"
"2020-11-23";"Bahia";"61,1";"Médio"
"2020-12-07";"Bahia";"76,7";"Médio"
"2020-12-21";"Bahia";"78,0";"Médio"
"2021-01-04";"Bahia";"71,0";"Médio"
"2021-01-18";"Bahia";"75,5";"Médio"
"2021-02-01";"Bahia";"68,2";"Médio"
"2021-02-22";"Bahia";"80,2";"Crítico"
"2021-03-01";"Bahia";"83,0";"Crítico"
"2021-03-08";"Bahia";"86,4";"Crítico"
"2021-03-15";"Bahia";"86,0";"Crítico"
"2021-03-22";"Bahia";"87,0";"Crítico"
"2021-03-29";"Bahia";"86,0";"Crítico"
"2021-04-05";"Bahia";"85,0";"Crítico"
"2021-04-12";"Bahia";"84,0";"Crítico"
"2021-04-19";"Bahia";"82,0";"Crítico"
"2021-04-26";"Bahia";"82,0";"Crítico"
"2021-05-03";"Bahia";"80,0";"Crítico"
"2021-05-10";"Bahia";"80,0";"Crítico"
"2021-05-17";"Bahia";"84,0";"Crítico"
"2021-05-24";"Bahia";"83,0";"Crítico"
"2021-05-31";"Bahia";"85,0";"Crítico"
"2021-06-07";"Bahia";"84,0";"Crítico"
"2021-06-14";"Bahia";"83,0";"Crítico"
"2021-06-21";"Bahia";"81,0";"Crítico"
"2021-06-28";"Bahia";"75,0";"Médio"
"2021-07-05";"Bahia";"70,0";"Médio"
"2021-07-12";"Bahia";"62,0";"Médio"
"2021-07-19";"Bahia";"60,0";"Médio"
"2021-07-26";"Bahia";"53,0";"Baixo"
"2021-08-02";"Bahia";"51,0";"Baixo"
"2021-08-09";"Bahia";"43,0";"Baixo"
"2021-08-16";"Bahia";"40,0";"Baixo"
"2021-08-23";"Bahia";"36,0";"Baixo"
"2021-08-30";"Bahia";"33,0";"Baixo"
"2021-09-06";"Bahia";"30,0";"Baixo"
"2021-09-13";"Bahia";"29,0";"Baixo"
"2021-09-20";"Bahia";"29,0";"Baixo"
"2021-09-27";"Bahia";"33,0";"Baixo"
"2021-10-04";"Bahia";"27,0";"Baixo"
"2021-10-11";"Bahia";"28,0";"Baixo"
"2021-10-18";"Bahia";"29,0";"Baixo"
"2021-10-25";"Bahia";"34,0";"Baixo"
"2021-11-01";"Bahia";"36,0";"Baixo"
"2021-11-08";"Bahia";"34,0";"Baixo"
"2021-11-15";"Bahia";"35,0";"Baixo"
"2021-11-22";"Bahia";"36,0";"Baixo"
"2021-11-29";"Bahia";"39,0";"Baixo"
"2021-12-06";"Bahia";"39,0";"Baixo"
"2021-12-20";"Bahia";"53,0";"Baixo"
"2022-01-05";"Bahia";"57,0";"Baixo"
"2022-01-10";"Bahia";"63,0";"Médio"
"2022-01-17";"Bahia";"66,0";"Médio"
"2022-01-24";"Bahia";"67,0";"Médio"
"2022-01-31";"Bahia";"74,0";"Médio"
"2022-02-07";"Bahia";"73,0";"Médio"
"2022-02-14";"Bahia";"70,0";"Médio"
"2022-02-22";"Bahia";"58,0";"Baixo"
"2022-03-07";"Bahia";"31,0";"Baixo"
"2022-03-21";"Bahia";"22,0";"Baixo"
"2022-04-04";"Bahia";"16,0";"Baixo"
"2022-04-25";"Bahia";"13,0";"Baixo"
"2020-07-17";"Minas Gerais";"67,0";"Médio"
"2020-07-27";"Minas Gerais";"67,1";"Médio"
"2020-08-10";"Minas Gerais";"67,3";"Médio"
"2020-08-24";"Minas Gerais";"65,3";"Médio"
"2020-09-07";"Minas Gerais";"63,8";"Médio"
"2020-09-21";"Minas Gerais";"63,9";"Médio"
"2020-10-05";"Minas Gerais";"59,6";"Baixo"
"2020-10-26";"Minas Gerais";"56,1";"Baixo"
"2020-11-09";"Minas Gerais";"57,3";"Baixo"
"2020-11-23";"Minas Gerais";"64,5";"Médio"
"2020-12-07";"Minas Gerais";"63,9";"Médio"
"2020-12-21";"Minas Gerais";"68,2";"Médio"
"2021-01-04";"Minas Gerais";"69,4";"Médio"
"2021-01-18";"Minas Gerais";"73,8";"Médio"
"2021-02-01";"Minas Gerais";"73,1";"Médio"
"2021-02-22";"Minas Gerais";"70,3";"Médio"
"2021-03-01";"Minas Gerais";"75,0";"Médio"
"2021-03-08";"Minas Gerais";"78,5";"Médio"
"2021-03-15";"Minas Gerais";"85,0";"Crítico"
"2021-03-22";"Minas Gerais";"93,0";"Crítico"
"2021-03-29";"Minas Gerais";"94,0";"Crítico"
"2021-04-05";"Minas Gerais";"93,0";"Crítico"
"2021-04-12";"Minas Gerais";"91,0";"Crítico"
"2021-04-19";"Minas Gerais";"89,0";"Crítico"
"2021-04-26";"Minas Gerais";"85,0";"Crítico"
"2021-05-03";"Minas Gerais";"83,0";"Crítico"
"2021-05-10";"Minas Gerais";"79,0";"Médio"
"2021-05-17";"Minas Gerais";"80,0";"Crítico"
"2021-05-24";"Minas Gerais";"80,0";"Crítico"
"2021-05-31";"Minas Gerais";"81,0";"Crítico"
"2021-06-07";"Minas Gerais";"82,0";"Crítico"
"2021-06-14";"Minas Gerais";"80,0";"Crítico"
"2021-06-21";"Minas Gerais";"79,0";"Médio"
"2021-06-28";"Minas Gerais";"75,0";"Médio"
"2021-07-05";"Minas Gerais";"70,0";"Médio"
"2021-07-12";"Minas Gerais";"64,0";"Médio"
"2021-07-19";"Minas Gerais";"60,0";"Médio"
"2021-07-26";"Minas Gerais";"56,0";"Baixo"
"2021-08-02";"Minas Gerais";"51,0";"Baixo"
"2021-08-09";"Minas Gerais";"47,0";"Baixo"
"2021-08-16";"Minas Gerais";"42,0";"Baixo"
"2021-08-23";"Minas Gerais";"37,0";"Baixo"
"2021-08-30";"Minas Gerais";"31,0";"Baixo"
"2021-09-06";"Minas Gerais";"29,0";"Baixo"
"2021-09-13";"Minas Gerais";"27,0";"Baixo"
"2021-09-20";"Minas Gerais";"25,0";"Baixo"
"2021-09-27";"Minas Gerais";"22,0";"Baixo"
"2021-10-04";"Minas Gerais";"23,0";"Baixo"
"2021-10-11";"Minas Gerais";"23,0";"Baixo"
"2021-10-18";"Minas Gerais";"20,0";"Baixo"
"2021-10-25";"Minas Gerais";"18,0";"Baixo"
"2021-11-01";"Minas Gerais";"17,0";"Baixo"
"2021-11-08";"Minas Gerais";"16,0";"Baixo"
"2021-11-15";"Minas Gerais";"16,0";"Baixo"
"2021-11-22";"Minas Gerais";"14,0";"Baixo"
"2021-11-29";"Minas Gerais";"13,0";"Baixo"
"2021-12-06";"Minas Gerais";"13,0";"Baixo"
"2021-12-20";"Minas Gerais";"11,0";"Baixo"
"2022-01-05";"Minas Gerais";"13,0";"Baixo"
"2022-01-10";"Minas Gerais";"16,0";"Baixo"
"2022-01-17";"Minas Gerais";"24,0";"Baixo"
"2022-01-24";"Minas Gerais";"28,0";"Baixo"
"2022-01-31";"Minas Gerais";"37,0";"Baixo"
"2022-02-07";"Minas Gerais";"42,0";"Baixo"
"2022-02-14";"Minas Gerais";"39,0";"Baixo"
"2022-02-22";"Minas Gerais";"34,0";"Baixo"
"2022-03-07";"Minas Gerais";"15,0";"Baixo"
"2022-03-21";"Minas Gerais";"55,0";"Baixo"
"2022-04-04";"Minas Gerais";"53,0";"Baixo"
"2022-04-25";"Minas Gerais";;
"2020-07-17";"Espírito Santo";"75,6";"Médio"
"2020-07-27";"Espírito Santo";"73,3";"Médio"
"2020-08-10";"Espírito Santo";"72,8";"Médio"
"2020-08-24";"Espírito Santo";"72,8";"Médio"
"2020-09-07";"Espírito Santo";"66,4";"Médio"
"2020-09-21";"Espírito Santo";"66,3";"Médio"
"2020-10-05";"Espírito Santo";"67,0";"Médio"
"2020-10-26";"Espírito Santo";"75,1";"Médio"
"2020-11-09";"Espírito Santo";"84,1";"Crítico"
"2020-11-23";"Espírito Santo";"85,1";"Crítico"
"2020-12-07";"Espírito Santo";"84,0";"Crítico"
"2020-12-21";"Espírito Santo";"84,5";"Crítico"
"2021-01-04";"Espírito Santo";"80,7";"Crítico"
"2021-01-18";"Espírito Santo";"78,9";"Médio"
"2021-02-01";"Espírito Santo";"73,1";"Médio"
"2021-02-22";"Espírito Santo";"68,3";"Médio"
"2021-03-01";"Espírito Santo";"76,0";"Médio"
"2021-03-08";"Espírito Santo";"79,0";"Médio"
"2021-03-15";"Espírito Santo";"89,0";"Crítico"
"2021-03-22";"Espírito Santo";"94,0";"Crítico"
"2021-03-29";"Espírito Santo";"94,0";"Crítico"
"2021-04-05";"Espírito Santo";"94,0";"Crítico"
"2021-04-12";"Espírito Santo";"95,0";"Crítico"
"2021-04-19";"Espírito Santo";"91,0";"Crítico"
"2021-04-26";"Espírito Santo";"88,0";"Crítico"
"2021-05-03";"Espírito Santo";"86,0";"Crítico"
"2021-05-10";"Espírito Santo";"77,0";"Médio"
"2021-05-17";"Espírito Santo";"73,7";"Médio"
"2021-05-24";"Espírito Santo";"79,0";"Médio"
"2021-05-31";"Espírito Santo";"76,0";"Médio"
"2021-06-07";"Espírito Santo";"68,0";"Médio"
"2021-06-14";"Espírito Santo";"66,0";"Médio"
"2021-06-21";"Espírito Santo";"61,0";"Médio"
"2021-06-28";"Espírito Santo";"63,0";"Médio"
"2021-07-05";"Espírito Santo";"63,0";"Médio"
"2021-07-12";"Espírito Santo";"55,0";"Baixo"
"2021-07-19";"Espírito Santo";"54,0";"Baixo"
"2021-07-26";"Espírito Santo";"50,0";"Baixo"
"2021-08-02";"Espírito Santo";"51,0";"Baixo"
"2021-08-09";"Espírito Santo";"42,0";"Baixo"
"2021-08-16";"Espírito Santo";"44,0";"Baixo"
"2021-08-23";"Espírito Santo";"43,0";"Baixo"
"2021-08-30";"Espírito Santo";"42,0";"Baixo"
"2021-09-06";"Espírito Santo";"49,0";"Baixo"
"2021-09-13";"Espírito Santo";"57,0";"Baixo"
"2021-09-20";"Espírito Santo";"65,0";"Médio"
"2021-09-27";"Espírito Santo";"69,0";"Médio"
"2021-10-04";"Espírito Santo";"75,0";"Médio"
"2021-10-11";"Espírito Santo";"65,0";"Médio"
"2021-10-18";"Espírito Santo";"71,0";"Médio"
"2021-10-25";"Espírito Santo";"71,0";"Médio"
"2021-11-01";"Espírito Santo";"67,0";"Médio"
"2021-11-08";"Espírito Santo";"63,0";"Médio"
"2021-11-15";"Espírito Santo";"53,0";"Baixo"
"2021-11-22";"Espírito Santo";"46,0";"Baixo"
"2021-11-29";"Espírito Santo";"49,0";"Baixo"
"2021-12-06";"Espírito Santo";"41,0";"Baixo"
"2021-12-20";"Espírito Santo";"41,0";"Baixo"
"2022-01-05";"Espírito Santo";"50,0";"Baixo"
"2022-01-10";"Espírito Santo";"71,0";"Médio"
"2022-01-17";"Espírito Santo";"80,0";"Crítico"
"2022-01-24";"Espírito Santo";"80,0";"Crítico"
"2022-01-31";"Espírito Santo";"83,0";"Crítico"
"2022-02-07";"Espírito Santo";"87,0";"Crítico"
"2022-02-14";"Espírito Santo";"79,0";"Médio"
"2022-02-22";"Espírito Santo";"72,0";"Médio"
"2022-03-07";"Espírito Santo";"59,0";"Baixo"
"2022-03-21";"Espírito Santo";"38,0";"Baixo"
"2022-04-04";"Espírito Santo";"33,0";"Baixo"
"2022-04-25";"Espírito Santo";"22,0";"Baixo"
"2022-03-21";"Rio de Janeiro";"22,0";"Baixo"
"2022-04-04";"Rio de Janeiro";"25,0";"Baixo"
"2022-04-25";"Rio de Janeiro";"16,0";"Baixo"
"2020-07-17";"São Paulo";"67,2";"Médio"
"2020-07-27";"São Paulo";"65,5";"Médio"
"2020-08-10";"São Paulo";"59,1";"Baixo"
"2020-08-24";"São Paulo";"55,2";"Baixo"
"2020-09-07";"São Paulo";"53,5";"Baixo"
"2020-09-21";"São Paulo";"47,2";"Baixo"
"2020-10-05";"São Paulo";"43,3";"Baixo"
"2020-10-26";"São Paulo";"39,2";"Baixo"
"2020-11-09";"São Paulo";"40,3";"Baixo"
"2020-11-23";"São Paulo";"48,4";"Baixo"
"2020-12-07";"São Paulo";"56,8";"Baixo"
"2020-12-21";"São Paulo";"61,9";"Médio"
"2021-01-04";"São Paulo";"62,3";"Médio"
"2021-01-18";"São Paulo";"69,7";"Médio"
"2021-02-01";"São Paulo";"68,1";"Médio"
"2021-02-22";"São Paulo";"68,6";"Médio"
"2021-03-01";"São Paulo";"74,0";"Médio"
"2021-03-08";"São Paulo";"80,9";"Crítico"
"2021-03-15";"São Paulo";"89,0";"Crítico"
"2021-03-22";"São Paulo";"92,0";"Crítico"
"2021-03-29";"São Paulo";"92,0";"Crítico"
"2021-04-05";"São Paulo";"91,0";"Crítico"
"2021-04-12";"São Paulo";"86,0";"Crítico"
"2021-04-19";"São Paulo";"83,0";"Crítico"
"2021-04-26";"São Paulo";"80,0";"Crítico"
"2021-05-03";"São Paulo";"78,0";"Médio"
"2021-05-10";"São Paulo";"79,0";"Médio"
"2021-05-17";"São Paulo";"79,0";"Médio"
"2021-05-24";"São Paulo";"80,0";"Crítico"
"2021-05-31";"São Paulo";"82,0";"Crítico"
"2021-06-07";"São Paulo";"82,0";"Crítico"
"2021-06-14";"São Paulo";"82,0";"Crítico"
"2021-06-21";"São Paulo";"79,0";"Médio"
"2021-06-28";"São Paulo";"76,0";"Médio"
"2021-07-05";"São Paulo";"72,0";"Médio"
"2021-07-12";"São Paulo";"66,0";"Médio"
"2021-07-19";"São Paulo";"62,0";"Médio"
"2021-07-26";"São Paulo";"55,0";"Baixo"
"2021-08-02";"São Paulo";"49,0";"Baixo"
"2021-08-09";"São Paulo";"46,0";"Baixo"
"2021-08-16";"São Paulo";"43,0";"Baixo"
"2021-08-23";"São Paulo";"40,0";"Baixo"
"2021-08-30";"São Paulo";"36,0";"Baixo"
"2021-09-06";"São Paulo";"33,0";"Baixo"
"2021-09-13";"São Paulo";"33,0";"Baixo"
"2021-09-20";"São Paulo";"32,0";"Baixo"
"2021-09-27";"São Paulo";"32,0";"Baixo"
"2021-10-04";"São Paulo";"31,0";"Baixo"
"2021-10-11";"São Paulo";"30,0";"Baixo"
"2021-10-18";"São Paulo";"28,0";"Baixo"
"2021-10-25";"São Paulo";"27,0";"Baixo"
"2021-11-01";"São Paulo";"26,0";"Baixo"
"2021-11-08";"São Paulo";"25,0";"Baixo"
"2021-11-15";"São Paulo";"23,0";"Baixo"
"2021-11-22";"São Paulo";"22,0";"Baixo"
"2021-11-29";"São Paulo";"21,0";"Baixo"
"2021-12-06";"São Paulo";"22,0";"Baixo"
"2021-12-20";"São Paulo";"20,0";"Baixo"
"2022-01-05";"São Paulo";"28,0";"Baixo"
"2022-01-10";"São Paulo";"35,0";"Baixo"
"2022-01-17";"São Paulo";"49,0";"Baixo"
"2022-01-24";"São Paulo";"66,0";"Médio"
"2022-01-31";"São Paulo";"72,0";"Médio"
"2022-02-07";"São Paulo";"71,0";"Médio"
"2022-02-14";"São Paulo";"66,0";"Médio"
"2022-02-22";"São Paulo";"57,0";"Baixo"
"2022-03-07";"São Paulo";"38,0";"Baixo"
"2022-03-21";"São Paulo";"27,0";"Baixo"
"2022-04-04";"São Paulo";"21,0";"Baixo"
"2022-04-25";"São Paulo";"20,0";"Baixo"
"2020-07-17";"Paraná";"39,3";"Baixo"
"2020-07-27";"Paraná";"42,3";"Baixo"
"2020-08-10";"Paraná";"72,0";"Médio"
"2020-08-24";"Paraná";"73,3";"Médio"
"2020-09-07";"Paraná";"72,2";"Médio"
"2020-09-21";"Paraná";"71,3";"Médio"
"2020-10-05";"Paraná";"62,2";"Médio"
"2020-10-26";"Paraná";"54,7";"Baixo"
"2020-11-09";"Paraná";"62,7";"Médio"
"2020-11-23";"Paraná";"78,6";"Médio"
"2020-12-07";"Paraná";"87,7";"Crítico"
"2020-12-21";"Paraná";"88,9";"Crítico"
"2021-01-04";"Paraná";"71,4";"Médio"
"2021-01-18";"Paraná";"84,2";"Crítico"
"2021-02-01";"Paraná";"81,3";"Crítico"
"2021-02-22";"Paraná";"91,9";"Crítico"
"2021-03-01";"Paraná";"92,0";"Crítico"
"2021-03-08";"Paraná";"97,3";"Crítico"
"2021-03-15";"Paraná";"96,0";"Crítico"
"2021-03-22";"Paraná";"96,0";"Crítico"
"2021-03-29";"Paraná";"93,0";"Crítico"
"2021-04-05";"Paraná";"95,0";"Crítico"
"2021-04-12";"Paraná";"95,0";"Crítico"
"2021-04-19";"Paraná";"94,0";"Crítico"
"2021-04-26";"Paraná";"94,0";"Crítico"
"2021-05-03";"Paraná";"92,0";"Crítico"
"2021-05-10";"Paraná";"93,0";"Crítico"
"2021-05-17";"Paraná";"95,0";"Crítico"
"2021-05-24";"Paraná";"96,0";"Crítico"
"2021-05-31";"Paraná";"95,0";"Crítico"
"2021-06-07";"Paraná";"96,0";"Crítico"
"2021-06-14";"Paraná";"97,0";"Crítico"
"2021-06-21";"Paraná";"95,0";"Crítico"
"2021-06-28";"Paraná";"94,0";"Crítico"
"2021-07-05";"Paraná";"89,0";"Crítico"
"2021-07-12";"Paraná";"81,0";"Crítico"
"2021-07-19";"Paraná";"72,0";"Médio"
"2021-07-26";"Paraná";"64,0";"Médio"
"2021-08-02";"Paraná";"59,0";"Baixo"
"2021-08-09";"Paraná";"59,0";"Baixo"
"2021-08-16";"Paraná";"61,0";"Médio"
"2021-08-23";"Paraná";"60,0";"Médio"
"2021-08-30";"Paraná";"59,0";"Baixo"
"2021-09-06";"Paraná";"57,0";"Baixo"
"2021-09-13";"Paraná";"57,0";"Baixo"
"2021-09-20";"Paraná";"58,0";"Baixo"
"2021-09-27";"Paraná";"53,0";"Baixo"
"2021-10-04";"Paraná";"52,0";"Baixo"
"2021-10-11";"Paraná";"46,0";"Baixo"
"2021-10-18";"Paraná";"41,0";"Baixo"
"2021-10-25";"Paraná";"39,0";"Baixo"
"2021-11-01";"Paraná";"41,0";"Baixo"
"2021-11-08";"Paraná";"37,0";"Baixo"
"2021-11-15";"Paraná";"31,0";"Baixo"
"2021-11-22";"Paraná";"27,0";"Baixo"
"2021-11-29";"Paraná";"24,0";"Baixo"
"2021-12-06";"Paraná";"29,0";"Baixo"
"2021-12-20";"Paraná";"23,0";"Baixo"
"2022-01-05";"Paraná";"37,0";"Baixo"
"2022-01-10";"Paraná";"46,0";"Baixo"
"2022-01-17";"Paraná";"56,0";"Baixo"
"2022-01-24";"Paraná";"61,0";"Médio"
"2022-01-31";"Paraná";"72,0";"Médio"
"2022-02-07";"Paraná";"73,0";"Médio"
"2022-02-14";"Paraná";"71,0";"Médio"
"2022-02-22";"Paraná";"67,0";"Médio"
"2022-03-07";"Paraná";"43,0";"Baixo"
"2022-03-21";"Paraná";"40,0";"Baixo"
"2022-04-04";"Paraná";"27,0";"Baixo"
"2022-04-25";"Paraná";;
"2020-07-17";"Santa Catarina";"71,7";"Médio"
"2020-07-27";"Santa Catarina";"84,5";"Crítico"
"2020-08-10";"Santa Catarina";"80,1";"Crítico"
"2020-08-24";"Santa Catarina";"64,8";"Médio"
"2020-09-07";"Santa Catarina";"55,7";"Baixo"
"2020-09-21";"Santa Catarina";"61,4";"Médio"
"2020-10-05";"Santa Catarina";"34,0";"Baixo"
"2020-10-26";"Santa Catarina";"34,8";"Baixo"
"2020-11-09";"Santa Catarina";"53,4";"Baixo"
"2020-11-23";"Santa Catarina";"78,6";"Médio"
"2020-12-07";"Santa Catarina";"93,3";"Crítico"
"2020-12-21";"Santa Catarina";"87,3";"Crítico"
"2021-01-04";"Santa Catarina";"77,0";"Médio"
"2021-01-18";"Santa Catarina";"70,9";"Médio"
"2021-02-01";"Santa Catarina";"60,6";"Médio"
"2021-02-22";"Santa Catarina";"93,4";"Crítico"
"2021-03-01";"Santa Catarina";"99,0";"Crítico"
"2021-03-08";"Santa Catarina";"96,2";"Crítico"
"2021-03-15";"Santa Catarina";"99,0";"Crítico"
"2021-03-22";"Santa Catarina";"99,0";"Crítico"
"2021-03-29";"Santa Catarina";"99,0";"Crítico"
"2021-04-05";"Santa Catarina";"99,0";"Crítico"
"2021-04-12";"Santa Catarina";"97,0";"Crítico"
"2021-04-19";"Santa Catarina";"97,0";"Crítico"
"2021-04-26";"Santa Catarina";"95,0";"Crítico"
"2021-05-03";"Santa Catarina";"92,0";"Crítico"
"2021-05-10";"Santa Catarina";"91,0";"Crítico"
"2021-05-17";"Santa Catarina";"95,0";"Crítico"
"2021-05-24";"Santa Catarina";"95,0";"Crítico"
"2021-05-31";"Santa Catarina";"92,0";"Crítico"
"2021-06-07";"Santa Catarina";"97,0";"Crítico"
"2021-06-14";"Santa Catarina";"96,0";"Crítico"
"2021-06-21";"Santa Catarina";"95,0";"Crítico"
"2021-06-28";"Santa Catarina";"92,0";"Crítico"
"2021-07-05";"Santa Catarina";"85,0";"Crítico"
"2021-07-12";"Santa Catarina";"82,0";"Crítico"
"2021-07-19";"Santa Catarina";"79,0";"Médio"
"2021-07-26";"Santa Catarina";"64,0";"Médio"
"2021-08-02";"Santa Catarina";"60,0";"Médio"
"2021-08-09";"Santa Catarina";"56,0";"Baixo"
"2021-08-16";"Santa Catarina";"52,0";"Baixo"
"2021-08-23";"Santa Catarina";"49,0";"Baixo"
"2021-08-30";"Santa Catarina";"47,0";"Baixo"
"2021-09-06";"Santa Catarina";"47,0";"Baixo"
"2021-09-13";"Santa Catarina";"44,0";"Baixo"
"2021-09-20";"Santa Catarina";"43,0";"Baixo"
"2021-09-27";"Santa Catarina";"37,0";"Baixo"
"2021-10-04";"Santa Catarina";"39,0";"Baixo"
"2021-10-11";"Santa Catarina";"42,0";"Baixo"
"2021-10-18";"Santa Catarina";"41,0";"Baixo"
"2021-10-25";"Santa Catarina";"41,0";"Baixo"
"2021-11-01";"Santa Catarina";"41,0";"Baixo"
"2021-11-08";"Santa Catarina";"39,0";"Baixo"
"2021-11-15";"Santa Catarina";"38,0";"Baixo"
"2021-11-22";"Santa Catarina";"35,0";"Baixo"
"2021-11-29";"Santa Catarina";"34,0";"Baixo"
"2021-12-06";"Santa Catarina";"30,0";"Baixo"
"2021-12-20";"Santa Catarina";"25,0";"Baixo"
"2022-01-05";"Santa Catarina";"25,0";"Baixo"
"2022-01-10";"Santa Catarina";"31,0";"Baixo"
"2022-01-17";"Santa Catarina";"39,0";"Baixo"
"2022-01-24";"Santa Catarina";"53,0";"Baixo"
"2022-01-31";"Santa Catarina";"76,0";"Médio"
"2022-02-07";"Santa Catarina";"74,0";"Médio"
"2022-02-14";"Santa Catarina";"71,0";"Médio"
"2022-02-22";"Santa Catarina";"60,0";"Médio"
"2022-03-07";"Santa Catarina";"79,0";"Médio"
"2022-03-21";"Santa Catarina";"36,0";"Baixo"
"2022-04-04";"Santa Catarina";"29,0";"Baixo"
"2022-04-25";"Santa Catarina";"48,0";"Baixo"
"2020-07-17";"Rio Grande do Sul";"76,1";"Médio"
"2020-07-27";"Rio Grande do Sul";"75,7";"Médio"
"2020-08-10";"Rio Grande do Sul";"75,4";"Médio"
"2020-08-24";"Rio Grande do Sul";"75,6";"Médio"
"2020-09-07";"Rio Grande do Sul";"73,1";"Médio"
"2020-09-21";"Rio Grande do Sul";"71,7";"Médio"
"2020-10-05";"Rio Grande do Sul";"66,8";"Médio"
"2020-10-26";"Rio Grande do Sul";"64,8";"Médio"
"2020-11-09";"Rio Grande do Sul";"65,3";"Médio"
"2020-11-23";"Rio Grande do Sul";"69,8";"Médio"
"2020-12-07";"Rio Grande do Sul";"75,4";"Médio"
"2020-12-21";"Rio Grande do Sul";"74,1";"Médio"
"2021-01-04";"Rio Grande do Sul";"73,3";"Médio"
"2021-01-18";"Rio Grande do Sul";"73,8";"Médio"
"2021-02-01";"Rio Grande do Sul";"70,8";"Médio"
"2021-02-22";"Rio Grande do Sul";"83,6";"Crítico"
"2021-03-01";"Rio Grande do Sul";"88,0";"Crítico"
"2021-03-08";"Rio Grande do Sul";"99,2";"Crítico"
"2021-03-15";"Rio Grande do Sul";"100,0";"Crítico"
"2021-03-22";"Rio Grande do Sul";"97,0";"Crítico"
"2021-03-29";"Rio Grande do Sul";"95,0";"Crítico"
"2021-04-05";"Rio Grande do Sul";"90,0";"Crítico"
"2021-04-12";"Rio Grande do Sul";"88,0";"Crítico"
"2021-04-19";"Rio Grande do Sul";"83,0";"Crítico"
"2021-04-26";"Rio Grande do Sul";"81,0";"Crítico"
"2021-05-03";"Rio Grande do Sul";"78,0";"Médio"
"2021-05-10";"Rio Grande do Sul";"73,0";"Médio"
"2021-05-17";"Rio Grande do Sul";"74,0";"Médio"
"2021-05-24";"Rio Grande do Sul";"79,0";"Médio"
"2021-05-31";"Rio Grande do Sul";"83,0";"Crítico"
"2021-06-07";"Rio Grande do Sul";"84,0";"Crítico"
"2021-06-14";"Rio Grande do Sul";"82,0";"Crítico"
"2021-06-21";"Rio Grande do Sul";"83,0";"Crítico"
"2021-06-28";"Rio Grande do Sul";"79,0";"Médio"
"2021-07-05";"Rio Grande do Sul";"76,0";"Médio"
"2021-07-12";"Rio Grande do Sul";"73,0";"Médio"
"2021-07-19";"Rio Grande do Sul";"70,0";"Médio"
"2021-07-26";"Rio Grande do Sul";"65,0";"Médio"
"2021-08-02";"Rio Grande do Sul";"60,0";"Médio"
"2021-08-09";"Rio Grande do Sul";"57,0";"Baixo"
"2021-08-16";"Rio Grande do Sul";"56,0";"Baixo"
"2021-08-23";"Rio Grande do Sul";"54,0";"Baixo"
"2021-08-30";"Rio Grande do Sul";"55,0";"Baixo"
"2021-09-06";"Rio Grande do Sul";"51,0";"Baixo"
"2021-09-13";"Rio Grande do Sul";"50,0";"Baixo"
"2021-09-20";"Rio Grande do Sul";"52,0";"Baixo"
"2021-09-27";"Rio Grande do Sul";"54,0";"Baixo"
"2021-10-04";"Rio Grande do Sul";"54,0";"Baixo"
"2021-10-11";"Rio Grande do Sul";"56,0";"Baixo"
"2021-10-18";"Rio Grande do Sul";"54,0";"Baixo"
"2021-10-25";"Rio Grande do Sul";"52,0";"Baixo"
"2021-11-01";"Rio Grande do Sul";"54,0";"Baixo"
"2021-11-08";"Rio Grande do Sul";"55,0";"Baixo"
"2021-11-15";"Rio Grande do Sul";"54,0";"Baixo"
"2021-11-22";"Rio Grande do Sul";"53,0";"Baixo"
"2021-11-29";"Rio Grande do Sul";"51,0";"Baixo"
"2021-12-06";"Rio Grande do Sul";"52,0";"Baixo"
"2021-12-20";"Rio Grande do Sul";"51,0";"Baixo"
"2022-01-05";"Rio Grande do Sul";"48,0";"Baixo"
"2022-01-10";"Rio Grande do Sul";"49,0";"Baixo"
"2022-01-17";"Rio Grande do Sul";"49,0";"Baixo"
"2022-01-24";"Rio Grande do Sul";"57,0";"Baixo"
"2022-01-31";"Rio Grande do Sul";"54,0";"Baixo"
"2022-02-07";"Rio Grande do Sul";"57,0";"Baixo"
"2022-02-14";"Rio Grande do Sul";"59,0";"Baixo"
"2022-02-22";"Rio Grande do Sul";"57,0";"Baixo"
"2022-03-07";"Rio Grande do Sul";"57,0";"Baixo"
"2022-03-21";"Rio Grande do Sul";"58,0";"Baixo"
"2022-04-04";"Rio Grande do Sul";"60,0";"Médio"
"2022-04-25";"Rio Grande do Sul";;
"2020-07-17";"Mato Grosso do Sul";"53,0";"Baixo"
"2020-07-27";"Mato Grosso do Sul";"53,9";"Baixo"
"2020-08-10";"Mato Grosso do Sul";"69,0";"Médio"
"2020-08-24";"Mato Grosso do Sul";"53,8";"Baixo"
"2020-09-07";"Mato Grosso do Sul";"56,6";"Baixo"
"2020-09-21";"Mato Grosso do Sul";"48,8";"Baixo"
"2020-10-05";"Mato Grosso do Sul";"50,4";"Baixo"
"2020-10-26";"Mato Grosso do Sul";"35,5";"Baixo"
"2020-11-09";"Mato Grosso do Sul";"40,3";"Baixo"
"2020-11-23";"Mato Grosso do Sul";"59,9";"Baixo"
"2020-12-07";"Mato Grosso do Sul";"85,4";"Crítico"
"2020-12-21";"Mato Grosso do Sul";"93,6";"Crítico"
"2021-01-04";"Mato Grosso do Sul";"85,6";"Crítico"
"2021-01-18";"Mato Grosso do Sul";"81,0";"Crítico"
"2021-02-01";"Mato Grosso do Sul";"64,6";"Médio"
"2021-02-22";"Mato Grosso do Sul";"76,0";"Médio"
"2021-03-01";"Mato Grosso do Sul";"88,0";"Crítico"
"2021-03-08";"Mato Grosso do Sul";"98,7";"Crítico"
"2021-03-15";"Mato Grosso do Sul";"93,0";"Crítico"
"2021-03-22";"Mato Grosso do Sul";"106,0";"Crítico"
"2021-03-29";"Mato Grosso do Sul";"100,0";"Crítico"
"2021-04-05";"Mato Grosso do Sul";"106,0";"Crítico"
"2021-04-12";"Mato Grosso do Sul";"100,0";"Crítico"
"2021-04-19";"Mato Grosso do Sul";"100,0";"Crítico"
"2021-04-26";"Mato Grosso do Sul";"96,0";"Crítico"
"2021-05-03";"Mato Grosso do Sul";"101,0";"Crítico"
"2021-05-10";"Mato Grosso do Sul";"85,0";"Crítico"
"2021-05-17";"Mato Grosso do Sul";"88,0";"Crítico"
"2021-05-24";"Mato Grosso do Sul";"99,0";"Crítico"
"2021-05-31";"Mato Grosso do Sul";"106,0";"Crítico"
"2021-06-07";"Mato Grosso do Sul";"107,0";"Crítico"
"2021-06-14";"Mato Grosso do Sul";"91,0";"Crítico"
"2021-06-21";"Mato Grosso do Sul";"96,0";"Crítico"
"2021-06-28";"Mato Grosso do Sul";"88,0";"Crítico"
"2021-07-05";"Mato Grosso do Sul";"74,0";"Médio"
"2021-07-12";"Mato Grosso do Sul";"68,0";"Médio"
"2021-07-19";"Mato Grosso do Sul";"66,0";"Médio"
"2021-07-26";"Mato Grosso do Sul";"61,0";"Médio"
"2021-08-02";"Mato Grosso do Sul";"62,0";"Médio"
"2021-08-09";"Mato Grosso do Sul";"56,0";"Baixo"
"2021-08-16";"Mato Grosso do Sul";"48,0";"Baixo"
"2021-08-23";"Mato Grosso do Sul";"43,0";"Baixo"
"2021-08-30";"Mato Grosso do Sul";"37,0";"Baixo"
"2021-09-06";"Mato Grosso do Sul";"34,0";"Baixo"
"2021-09-13";"Mato Grosso do Sul";"28,0";"Baixo"
"2021-09-20";"Mato Grosso do Sul";"24,0";"Baixo"
"2021-09-27";"Mato Grosso do Sul";"24,0";"Baixo"
"2021-10-04";"Mato Grosso do Sul";"35,0";"Baixo"
"2021-10-11";"Mato Grosso do Sul";"20,0";"Baixo"
"2021-10-18";"Mato Grosso do Sul";"14,0";"Baixo"
"2021-10-25";"Mato Grosso do Sul";"13,0";"Baixo"
"2021-11-01";"Mato Grosso do Sul";"21,0";"Baixo"
"2021-11-08";"Mato Grosso do Sul";"32,0";"Baixo"
"2021-11-15";"Mato Grosso do Sul";"30,0";"Baixo"
"2021-11-22";"Mato Grosso do Sul";"26,0";"Baixo"
"2021-11-29";"Mato Grosso do Sul";"27,0";"Baixo"
"2021-12-06";"Mato Grosso do Sul";"27,0";"Baixo"
"2021-12-20";"Mato Grosso do Sul";"25,0";"Baixo"
"2022-01-05";"Mato Grosso do Sul";"15,0";"Baixo"
"2022-01-10";"Mato Grosso do Sul";;
"2022-01-17";"Mato Grosso do Sul";"65,0";"Médio"
"2022-01-24";"Mato Grosso do Sul";"80,0";"Crítico"
"2022-01-31";"Mato Grosso do Sul";"103,0";"Crítico"
"2022-02-07";"Mato Grosso do Sul";"92,0";"Crítico"
"2022-02-14";"Mato Grosso do Sul";"85,0";"Crítico"
"2022-02-22";"Mato Grosso do Sul";"82,0";"Crítico"
"2022-03-07";"Mato Grosso do Sul";"44,0";"Baixo"
"2022-03-21";"Mato Grosso do Sul";"25,0";"Baixo"
"2022-04-04";"Mato Grosso do Sul";"13,0";"Baixo"
"2022-04-25";"Mato Grosso do Sul";"13,0";"Baixo"
"2020-07-17";"Mato Grosso";"93,1";"Crítico"
"2020-07-27";"Mato Grosso";"90,1";"Crítico"
"2020-08-10";"Mato Grosso";"79,2";"Médio"
"2020-08-24";"Mato Grosso";"75,6";"Médio"
"2020-09-07";"Mato Grosso";"69,3";"Médio"
"2020-09-21";"Mato Grosso";"60,5";"Médio"
"2020-10-05";"Mato Grosso";"51,9";"Baixo"
"2020-10-26";"Mato Grosso";"42,8";"Baixo"
"2020-11-09";"Mato Grosso";"33,3";"Baixo"
"2020-11-23";"Mato Grosso";"34,2";"Baixo"
"2020-12-07";"Mato Grosso";"35,5";"Baixo"
"2020-12-21";"Mato Grosso";"40,9";"Baixo"
"2021-01-04";"Mato Grosso";"51,1";"Baixo"
"2021-01-18";"Mato Grosso";"58,1";"Baixo"
"2021-02-01";"Mato Grosso";"59,3";"Baixo"
"2021-02-22";"Mato Grosso";"74,8";"Médio"
"2021-03-01";"Mato Grosso";"89,0";"Crítico"
"2021-03-08";"Mato Grosso";"99,0";"Crítico"
"2021-03-15";"Mato Grosso";"95,0";"Crítico"
"2021-03-22";"Mato Grosso";"99,0";"Crítico"
"2021-03-29";"Mato Grosso";"97,0";"Crítico"
"2021-04-05";"Mato Grosso";"98,0";"Crítico"
"2021-04-12";"Mato Grosso";"98,0";"Crítico"
"2021-04-19";"Mato Grosso";"96,0";"Crítico"
"2021-04-26";"Mato Grosso";"91,0";"Crítico"
"2021-05-03";"Mato Grosso";"88,0";"Crítico"
"2021-05-10";"Mato Grosso";"79,0";"Médio"
"2021-05-17";"Mato Grosso";"80,0";"Crítico"
"2021-05-24";"Mato Grosso";"87,0";"Crítico"
"2021-05-31";"Mato Grosso";"95,0";"Crítico"
"2021-06-07";"Mato Grosso";"87,0";"Crítico"
"2021-06-14";"Mato Grosso";"93,0";"Crítico"
"2021-06-21";"Mato Grosso";"86,0";"Crítico"
"2021-06-28";"Mato Grosso";"75,0";"Médio"
"2021-07-05";"Mato Grosso";"76,0";"Médio"
"2021-07-12";"Mato Grosso";"75,0";"Médio"
"2021-07-19";"Mato Grosso";"70,0";"Médio"
"2021-07-26";"Mato Grosso";"63,0";"Médio"
"2021-08-02";"Mato Grosso";"79,0";"Médio"
"2021-08-09";"Mato Grosso";"79,0";"Médio"
"2021-08-16";"Mato Grosso";"61,0";"Médio"
"2021-08-23";"Mato Grosso";"59,0";"Baixo"
"2021-08-30";"Mato Grosso";"45,0";"Baixo"
"2021-09-06";"Mato Grosso";"43,0";"Baixo"
"2021-09-13";"Mato Grosso";"41,0";"Baixo"
"2021-09-20";"Mato Grosso";"40,0";"Baixo"
"2021-09-27";"Mato Grosso";"29,0";"Baixo"
"2021-10-04";"Mato Grosso";"35,0";"Baixo"
"2021-10-11";"Mato Grosso";"31,0";"Baixo"
"2021-10-18";"Mato Grosso";"24,0";"Baixo"
"2021-10-25";"Mato Grosso";"26,0";"Baixo"
"2021-11-01";"Mato Grosso";"31,0";"Baixo"
"2021-11-08";"Mato Grosso";"36,0";"Baixo"
"2021-11-15";"Mato Grosso";"34,0";"Baixo"
"2021-11-22";"Mato Grosso";"36,0";"Baixo"
"2021-11-29";"Mato Grosso";"26,0";"Baixo"
"2021-12-06";"Mato Grosso";"27,0";"Baixo"
"2021-12-20";"Mato Grosso";"33,0";"Baixo"
"2022-01-05";"Mato Grosso";"40,0";"Baixo"
"2022-01-10";"Mato Grosso";"58,0";"Baixo"
"2022-01-17";"Mato Grosso";"84,0";"Crítico"
"2022-01-24";"Mato Grosso";"78,0";"Médio"
"2022-01-31";"Mato Grosso";"86,0";"Crítico"
"2022-02-07";"Mato Grosso";"81,0";"Crítico"
"2022-02-14";"Mato Grosso";"72,0";"Médio"
"2022-02-22";"Mato Grosso";"63,0";"Médio"
"2022-03-07";"Mato Grosso";"32,0";"Baixo"
"2022-03-21";"Mato Grosso";"27,0";"Baixo"
"2022-04-04";"Mato Grosso";"21,0";"Baixo"
"2022-04-25";"Mato Grosso";;
"2020-07-17";"Goiás";"84,0";"Crítico"
"2020-07-27";"Goiás";"82,8";"Crítico"
"2020-08-10";"Goiás";"83,2";"Crítico"
"2020-08-24";"Goiás";"87,3";"Crítico"
"2020-09-07";"Goiás";"81,9";"Crítico"
"2020-09-21";"Goiás";"84,7";"Crítico"
"2020-10-05";"Goiás";"73,8";"Médio"
"2020-10-26";"Goiás";"63,1";"Médio"
"2020-11-09";"Goiás";"46,6";"Baixo"
"2020-11-23";"Goiás";"41,2";"Baixo"
"2020-12-07";"Goiás";"44,0";"Baixo"
"2020-12-21";"Goiás";"54,7";"Baixo"
"2021-01-04";"Goiás";"51,8";"Baixo"
"2021-01-18";"Goiás";"66,7";"Médio"
"2021-02-01";"Goiás";"90,5";"Crítico"
"2021-02-22";"Goiás";"89,2";"Crítico"
"2021-03-01";"Goiás";"95,0";"Crítico"
"2021-03-08";"Goiás";"97,1";"Crítico"
"2021-03-15";"Goiás";"97,0";"Crítico"
"2021-03-22";"Goiás";"99,0";"Crítico"
"2021-03-29";"Goiás";"94,0";"Crítico"
"2021-04-05";"Goiás";"96,0";"Crítico"
"2021-04-12";"Goiás";"96,0";"Crítico"
"2021-04-19";"Goiás";"90,0";"Crítico"
"2021-04-26";"Goiás";"89,0";"Crítico"
"2021-05-03";"Goiás";"82,0";"Crítico"
"2021-05-10";"Goiás";"84,0";"Crítico"
"2021-05-17";"Goiás";"79,0";"Médio"
"2021-05-24";"Goiás";"84,0";"Crítico"
"2021-05-31";"Goiás";"89,0";"Crítico"
"2021-06-07";"Goiás";"90,0";"Crítico"
"2021-06-14";"Goiás";"85,0";"Crítico"
"2021-06-21";"Goiás";"85,0";"Crítico"
"2021-06-28";"Goiás";"85,0";"Crítico"
"2021-07-05";"Goiás";"74,0";"Médio"
"2021-07-12";"Goiás";"81,0";"Crítico"
"2021-07-19";"Goiás";"85,0";"Crítico"
"2021-07-26";"Goiás";"86,0";"Crítico"
"2021-08-02";"Goiás";"82,0";"Crítico"
"2021-08-09";"Goiás";"78,0";"Médio"
"2021-08-16";"Goiás";"69,0";"Médio"
"2021-08-23";"Goiás";"64,0";"Médio"
"2021-08-30";"Goiás";"62,0";"Médio"
"2021-09-06";"Goiás";"52,0";"Baixo"
"2021-09-13";"Goiás";"51,0";"Baixo"
"2021-09-20";"Goiás";"42,0";"Baixo"
"2021-09-27";"Goiás";"43,0";"Baixo"
"2021-10-04";"Goiás";"49,0";"Baixo"
"2021-10-11";"Goiás";"49,0";"Baixo"
"2021-10-18";"Goiás";"42,0";"Baixo"
"2021-10-25";"Goiás";"36,0";"Baixo"
"2021-11-01";"Goiás";"30,0";"Baixo"
"2021-11-08";"Goiás";"30,0";"Baixo"
"2021-11-15";"Goiás";"29,0";"Baixo"
"2021-11-22";"Goiás";"25,0";"Baixo"
"2021-11-29";"Goiás";"24,0";"Baixo"
"2021-12-06";"Goiás";"22,0";"Baixo"
"2021-12-20";"Goiás";"28,0";"Baixo"
"2022-01-05";"Goiás";"49,0";"Baixo"
"2022-01-10";"Goiás";"67,0";"Médio"
"2022-01-17";"Goiás";"81,0";"Crítico"
"2022-01-24";"Goiás";"82,0";"Crítico"
"2022-01-31";"Goiás";"91,0";"Crítico"
"2022-02-07";"Goiás";"80,0";"Crítico"
"2022-02-14";"Goiás";"72,0";"Médio"
"2022-02-22";"Goiás";"72,0";"Médio"
"2022-03-07";"Goiás";"58,0";"Baixo"
"2022-03-21";"Goiás";"32,0";"Baixo"
"2022-04-04";"Goiás";"47,0";"Baixo"
"2022-04-25";"Goiás";"50,0";"Baixo"
"2020-07-17";"Distrito Federal";"81,0";"Crítico"
"2020-07-27";"Distrito Federal";"80,8";"Crítico"
"2020-08-10";"Distrito Federal";"87,0";"Crítico"
"2020-08-24";"Distrito Federal";"70,4";"Médio"
"2020-09-07";"Distrito Federal";"78,0";"Médio"
"2020-09-21";"Distrito Federal";"75,8";"Médio"
"2020-10-05";"Distrito Federal";"56,4";"Baixo"
"2020-10-26";"Distrito Federal";"60,9";"Médio"
"2020-11-09";"Distrito Federal";"65,7";"Médio"
"2020-11-23";"Distrito Federal";"34,8";"Baixo"
"2020-12-07";"Distrito Federal";"55,8";"Baixo"
"2020-12-21";"Distrito Federal";"79,4";"Médio"
"2021-01-04";"Distrito Federal";"88,7";"Crítico"
"2021-01-18";"Distrito Federal";"73,5";"Médio"
"2021-02-01";"Distrito Federal";"69,8";"Médio"
"2021-02-22";"Distrito Federal";"87,0";"Crítico"
"2021-03-01";"Distrito Federal";"91,0";"Crítico"
"2021-03-08";"Distrito Federal";"97,4";"Crítico"
"2021-03-15";"Distrito Federal";"97,0";"Crítico"
"2021-03-22";"Distrito Federal";"99,0";"Crítico"
"2021-03-29";"Distrito Federal";"97,0";"Crítico"
"2021-04-05";"Distrito Federal";"99,0";"Crítico"
"2021-04-12";"Distrito Federal";"98,0";"Crítico"
"2021-04-19";"Distrito Federal";"98,0";"Crítico"
"2021-04-26";"Distrito Federal";"97,0";"Crítico"
"2021-05-03";"Distrito Federal";"91,0";"Crítico"
"2021-05-10";"Distrito Federal";"81,0";"Crítico"
"2021-05-17";"Distrito Federal";"84,0";"Crítico"
"2021-05-24";"Distrito Federal";"96,0";"Crítico"
"2021-05-31";"Distrito Federal";"95,0";"Crítico"
"2021-06-07";"Distrito Federal";"90,0";"Crítico"
"2021-06-14";"Distrito Federal";"92,0";"Crítico"
"2021-06-21";"Distrito Federal";"82,0";"Crítico"
"2021-06-28";"Distrito Federal";"81,0";"Crítico"
"2021-07-05";"Distrito Federal";"82,0";"Crítico"
"2021-07-12";"Distrito Federal";"80,0";"Crítico"
"2021-07-19";"Distrito Federal";"75,0";"Médio"
"2021-07-26";"Distrito Federal";"83,0";"Crítico"
"2021-08-02";"Distrito Federal";"61,0";"Médio"
"2021-08-09";"Distrito Federal";"59,0";"Baixo"
"2021-08-16";"Distrito Federal";"61,0";"Médio"
"2021-08-23";"Distrito Federal";"63,0";"Médio"
"2021-08-30";"Distrito Federal";"58,0";"Baixo"
"2021-09-06";"Distrito Federal";"57,0";"Baixo"
"2021-09-13";"Distrito Federal";"55,0";"Baixo"
"2021-09-20";"Distrito Federal";"66,0";"Médio"
"2021-09-27";"Distrito Federal";"71,0";"Médio"
"2021-10-04";"Distrito Federal";"83,0";"Crítico"
"2021-10-11";"Distrito Federal";"89,0";"Crítico"
"2021-10-18";"Distrito Federal";"80,0";"Crítico"
"2021-10-25";"Distrito Federal";"71,0";"Médio"
"2021-11-01";"Distrito Federal";"45,0";"Baixo"
"2021-11-08";"Distrito Federal";"48,0";"Baixo"
"2021-11-15";"Distrito Federal";"58,0";"Baixo"
"2021-11-22";"Distrito Federal";"84,0";"Crítico"
"2021-11-29";"Distrito Federal";"74,0";"Médio"
"2021-12-06";"Distrito Federal";"59,0";"Baixo"
"2021-12-20";"Distrito Federal";"60,0";"Médio"
"2022-01-05";"Distrito Federal";"57,0";"Baixo"
"2022-01-10";"Distrito Federal";"74,0";"Médio"
"2022-01-17";"Distrito Federal";"74,0";"Médio"
"2022-01-24";"Distrito Federal";"98,0";"Crítico"
"2022-01-31";"Distrito Federal";"97,0";"Crítico"
"2022-02-07";"Distrito Federal";"99,0";"Crítico"
"2022-02-14";"Distrito Federal";"99,0";"Crítico"
"2022-02-22";"Distrito Federal";"100,0";"Crítico"
"2022-03-07";"Distrito Federal";"56,0";"Baixo"
"2022-03-21";"Distrito Federal";"52,0";"Baixo"
"2022-04-04";"Distrito Federal";"64,0";"Médio"
"2022-04-25";"Distrito Federal";"19,0";"Baixo"
"2020-07-17";"Rio de Janeiro";"66,0";"Médio"
"2020-07-27";"Rio de Janeiro";"71,0";"Médio"
"2020-08-10";"Rio de Janeiro";"63,0";"Médio"
"2020-08-24";"Rio de Janeiro";"68,0";"Médio"
"2020-09-07";"Rio de Janeiro";"25,3";"Baixo"
"2020-09-21";"Rio de Janeiro";"41,4";"Baixo"
"2020-10-05";"Rio de Janeiro";"55,0";"Baixo"
"2020-10-26";"Rio de Janeiro";"51,1";"Baixo"
"2020-11-09";"Rio de Janeiro";"53,2";"Baixo"
"2020-11-23";"Rio de Janeiro";"70,0";"Médio"
"2020-12-07";"Rio de Janeiro";"73,4";"Médio"
"2020-12-21";"Rio de Janeiro";"77,0";"Médio"
"2021-01-04";"Rio de Janeiro";"73,3";"Médio"
"2021-01-18";"Rio de Janeiro";"74,5";"Médio"
"2021-02-01";"Rio de Janeiro";"60,4";"Médio"
"2021-02-22";"Rio de Janeiro";"61,3";"Médio"
"2021-03-01";"Rio de Janeiro";"63,0";"Médio"
"2021-03-08";"Rio de Janeiro";"69,3";"Médio"
"2021-03-15";"Rio de Janeiro";"79,0";"Médio"
"2021-03-22";"Rio de Janeiro";"85,0";"Crítico"
"2021-03-29";"Rio de Janeiro";"88,0";"Crítico"
"2021-04-05";"Rio de Janeiro";"91,0";"Crítico"
"2021-04-12";"Rio de Janeiro";"90,0";"Crítico"
"2021-04-19";"Rio de Janeiro";"86,0";"Crítico"
"2021-04-26";"Rio de Janeiro";"88,0";"Crítico"
"2021-05-03";"Rio de Janeiro";"86,0";"Crítico"
"2021-05-10";"Rio de Janeiro";"87,0";"Crítico"
"2021-05-17";"Rio de Janeiro";"83,0";"Crítico"
"2021-05-24";"Rio de Janeiro";"83,0";"Crítico"
"2021-05-31";"Rio de Janeiro";"85,0";"Crítico"
"2021-06-07";"Rio de Janeiro";"81,0";"Crítico"
"2021-06-14";"Rio de Janeiro";"71,0";"Médio"
"2021-06-21";"Rio de Janeiro";"66,0";"Médio"
"2021-06-28";"Rio de Janeiro";"63,0";"Médio"
"2021-07-05";"Rio de Janeiro";"59,0";"Baixo"
"2021-07-12";"Rio de Janeiro";"57,0";"Baixo"
"2021-07-19";"Rio de Janeiro";"60,0";"Médio"
"2021-07-26";"Rio de Janeiro";"59,0";"Baixo"
"2021-08-02";"Rio de Janeiro";"61,0";"Médio"
"2021-08-09";"Rio de Janeiro";"67,0";"Médio"
"2021-08-16";"Rio de Janeiro";"70,0";"Médio"
"2021-08-23";"Rio de Janeiro";"69,0";"Médio"
"2021-08-30";"Rio de Janeiro";"72,0";"Médio"
"2021-09-06";"Rio de Janeiro";"66,0";"Médio"
"2021-09-13";"Rio de Janeiro";"62,0";"Médio"
"2021-09-20";"Rio de Janeiro";"58,0";"Baixo"
"2021-09-27";"Rio de Janeiro";"50,0";"Baixo"
"2021-10-04";"Rio de Janeiro";"46,0";"Baixo"
"2021-10-11";"Rio de Janeiro";"44,0";"Baixo"
"2021-10-18";"Rio de Janeiro";"36,0";"Baixo"
"2021-10-25";"Rio de Janeiro";"32,0";"Baixo"
"2021-11-01";"Rio de Janeiro";"31,0";"Baixo"
"2021-11-08";"Rio de Janeiro";"28,0";"Baixo"
"2021-11-15";"Rio de Janeiro";"27,0";"Baixo"
"2021-11-22";"Rio de Janeiro";"32,0";"Baixo"
"2021-11-29";"Rio de Janeiro";"11,0";"Baixo"
"2021-12-06";"Rio de Janeiro";"10,0";"Baixo"
"2021-12-20";"Rio de Janeiro";"10,0";"Baixo"
"2022-01-05";"Rio de Janeiro";"9,0";"Baixo"
"2022-01-10";"Rio de Janeiro";"12,0";"Baixo"
"2022-01-17";"Rio de Janeiro";;
"2022-01-24";"Rio de Janeiro";"62,0";"Médio"
"2022-01-31";"Rio de Janeiro";"62,0";"Médio"
"2022-02-07";"Rio de Janeiro";"59,0";"Baixo"
"2022-02-14";"Rio de Janeiro";"52,0";"Baixo"
"2022-02-22";"Rio de Janeiro";"46,0";"Baixo"
"2022-03-07";"Rio de Janeiro";"53,0";"Baixo"
